"id","date","locid","pm25"
1,2017-01-01,1,9.3
1,2017-01-02,1,9.7
1,2017-01-03,1,12.6
1,2017-01-04,1,10.2
1,2017-01-05,1,23.7
1,2017-01-06,1,18.2
1,2017-01-07,1,12.2
1,2017-01-08,1,14.9
1,2017-01-09,1,8.6
1,2017-01-10,1,8.6
1,2017-01-11,1,9.5
1,2017-01-12,1,5.9
1,2017-01-13,1,6
1,2017-01-14,1,7.4
1,2017-01-15,1,7
1,2017-01-16,1,9.6
1,2017-01-17,1,22.6
1,2017-01-18,1,28
1,2017-01-19,1,27.4
1,2017-01-20,1,22.9
1,2017-01-21,1,30.7
1,2017-01-22,1,49.5
1,2017-01-23,1,44.2
1,2017-01-24,1,35.9
1,2017-01-25,1,26
1,2017-01-26,1,39.5
1,2017-01-27,1,29.8
1,2017-01-28,1,8.4
1,2017-01-29,1,6
1,2017-01-30,1,9.4
1,2017-01-31,1,9.8
1,2017-02-01,1,8.1
1,2017-02-02,1,10.1
1,2017-02-03,1,7.9
1,2017-02-04,1,8.2
1,2017-02-05,1,9.6
1,2017-02-06,1,15.7
1,2017-02-07,1,11
1,2017-02-08,1,17.5
1,2017-02-09,1,26.1
1,2017-02-10,1,32.1
1,2017-02-11,1,29.8
1,2017-02-12,1,37.1
1,2017-02-13,1,38.4
1,2017-02-14,1,31.8
1,2017-02-15,1,16.4
1,2017-02-16,1,10.7
1,2017-02-17,1,12.7
1,2017-02-18,1,21.5
1,2017-02-19,1,13.7
1,2017-02-20,1,7.8
1,2017-02-21,1,6.1
1,2017-02-22,1,5.3
1,2017-02-23,1,5.3
1,2017-02-24,1,8.1
1,2017-02-25,1,6.9
1,2017-02-26,1,4.4
1,2017-02-27,1,3.9
1,2017-02-28,1,5.8
1,2017-03-01,1,6.8
1,2017-03-02,1,8.8
1,2017-03-03,1,9.4
1,2017-03-04,1,6.5
1,2017-03-05,1,5.1
1,2017-03-06,1,7.5
1,2017-03-07,1,7.1
1,2017-03-08,1,6.6
1,2017-03-09,1,12
1,2017-03-10,1,12.9
1,2017-03-11,1,22
1,2017-03-12,1,15.5
1,2017-03-13,1,8.5
1,2017-03-14,1,10.3
1,2017-03-15,1,13.7
1,2017-03-16,1,13.9
1,2017-03-17,1,7.3
1,2017-03-18,1,5.6
1,2017-03-19,1,7.2
1,2017-03-20,1,5.1
1,2017-03-21,1,6.2
1,2017-03-22,1,8.2
1,2017-03-23,1,15.6
1,2017-03-24,1,25.9
1,2017-03-25,1,11.6
1,2017-03-26,1,9.9
1,2017-03-27,1,33
1,2017-03-28,1,25.7
1,2017-03-29,1,9.4
1,2017-03-30,1,14
1,2017-03-31,1,9.9
1,2017-04-01,1,7.1
1,2017-04-02,1,8.6
1,2017-04-03,1,16
1,2017-04-04,1,9
1,2017-04-05,1,8.9
1,2017-04-06,1,17.3
1,2017-04-07,1,22.4
1,2017-04-08,1,26.9
1,2017-04-09,1,27.5
1,2017-04-10,1,8.2
1,2017-04-11,1,7.7
1,2017-04-12,1,8.7
1,2017-04-13,1,9.3
1,2017-04-14,1,7.5
1,2017-04-15,1,6.1
1,2017-04-16,1,6.9
1,2017-04-17,1,7.3
1,2017-04-18,1,8.5
1,2017-04-19,1,10.8
1,2017-04-20,1,14
1,2017-04-21,1,14.9
1,2017-04-22,1,9.3
1,2017-04-23,1,12.5
1,2017-04-24,1,10
1,2017-04-25,1,5.5
1,2017-04-26,1,7.6
1,2017-04-27,1,9.1
1,2017-04-28,1,7.7
1,2017-04-29,1,10.5
1,2017-04-30,1,10.8
1,2017-05-01,1,5.7
1,2017-05-02,1,11.8
1,2017-05-03,1,14.9
1,2017-05-04,1,17.4
1,2017-05-05,1,12.1
1,2017-05-06,1,22.4
1,2017-05-07,1,13.9
1,2017-05-08,1,12.5
1,2017-05-09,1,12
1,2017-05-10,1,16.1
1,2017-05-11,1,22.7
1,2017-05-12,1,11.5
1,2017-05-13,1,10.4
1,2017-05-14,1,6.7
1,2017-05-15,1,7.1
1,2017-05-16,1,8.2
1,2017-05-17,1,8
1,2017-05-18,1,7.8
1,2017-05-19,1,6.9
1,2017-05-20,1,6
1,2017-05-21,1,7
1,2017-05-22,1,9.9
1,2017-05-23,1,7.7
1,2017-05-24,1,10.4
1,2017-05-25,1,13.4
1,2017-05-26,1,12.2
1,2017-05-27,1,11.4
1,2017-05-28,1,8.7
1,2017-05-29,1,11
1,2017-05-30,1,7.9
1,2017-05-31,1,9
1,2017-06-01,1,13.9
1,2017-06-02,1,11.2
1,2017-06-03,1,6.4
1,2017-06-04,1,6.1
1,2017-06-05,1,6.3
1,2017-06-06,1,5.3
1,2017-06-07,1,6.6
1,2017-06-08,1,6.6
1,2017-06-09,1,7.5
1,2017-06-10,1,7.6
1,2017-06-11,1,7
1,2017-06-12,1,6.7
1,2017-06-13,1,9.2
1,2017-06-14,1,15.6
1,2017-06-15,1,11.1
1,2017-06-16,1,8.1
1,2017-06-17,1,10.5
1,2017-06-18,1,13.7
1,2017-06-19,1,18.6
1,2017-06-20,1,22.2
1,2017-06-21,1,21.2
1,2017-06-22,1,11.5
1,2017-06-23,1,7.3
1,2017-06-24,1,6.1
1,2017-06-25,1,5.1
1,2017-06-26,1,8.4
1,2017-06-27,1,13.6
1,2017-06-28,1,10.5
1,2017-06-29,1,7.5
1,2017-06-30,1,6.6
1,2017-07-01,1,7.2
1,2017-07-02,1,7
1,2017-07-03,1,7.2
1,2017-07-04,1,7.2
1,2017-07-05,1,10.6
1,2017-07-06,1,13.9
1,2017-07-07,1,7.9
1,2017-07-08,1,7.4
1,2017-07-09,1,10.5
1,2017-07-10,1,7.2
1,2017-07-11,1,6.7
1,2017-07-12,1,6.4
1,2017-07-13,1,7.9
1,2017-07-14,1,6.8
1,2017-07-15,1,8.2
1,2017-07-16,1,5.9
1,2017-07-17,1,8.7
1,2017-07-18,1,12.4
1,2017-07-19,1,13.1
1,2017-07-20,1,6.9
1,2017-07-21,1,6.8
1,2017-07-22,1,5.7
1,2017-07-23,1,6.3
1,2017-07-24,1,7.9
1,2017-07-25,1,11.2
1,2017-07-26,1,7.2
1,2017-07-27,1,7.7
1,2017-07-28,1,6.6
1,2017-07-29,1,6.1
1,2017-07-30,1,5.4
1,2017-07-31,1,7
1,2017-08-01,1,6.7
1,2017-08-02,1,5.3
1,2017-08-03,1,7.3
1,2017-08-04,1,6.5
1,2017-08-05,1,6.3
1,2017-08-06,1,6.1
1,2017-08-07,1,7
1,2017-08-08,1,6.2
1,2017-08-09,1,6
1,2017-08-10,1,7
1,2017-08-11,1,7.5
1,2017-08-12,1,5.7
1,2017-08-13,1,7.3
1,2017-08-14,1,10.6
1,2017-08-15,1,8.4
1,2017-08-16,1,7.6
1,2017-08-17,1,6.5
1,2017-08-18,1,6.3
1,2017-08-19,1,6.2
1,2017-08-20,1,6.2
1,2017-08-21,1,7.7
1,2017-08-22,1,11.4
1,2017-08-23,1,12.1
1,2017-08-24,1,7.6
1,2017-08-25,1,10.4
1,2017-08-26,1,11.2
1,2017-08-27,1,13.7
1,2017-08-28,1,18.4
1,2017-08-29,1,9.5
1,2017-08-30,1,7.8
1,2017-08-31,1,7.6
1,2017-09-01,1,8.7
1,2017-09-02,1,8.6
1,2017-09-03,1,7.5
1,2017-09-04,1,5.8
1,2017-09-05,1,4.8
1,2017-09-06,1,11.2
1,2017-09-07,1,9.5
1,2017-09-08,1,5.1
1,2017-09-09,1,5.7
1,2017-09-10,1,6
1,2017-09-11,1,6.4
1,2017-09-12,1,6
1,2017-09-13,1,5.2
1,2017-09-14,1,4.4
1,2017-09-15,1,6.1
1,2017-09-16,1,6.6
1,2017-09-17,1,6.9
1,2017-09-18,1,7.5
1,2017-09-19,1,7.8
1,2017-09-20,1,8.7
1,2017-09-21,1,6
1,2017-09-22,1,7.4
1,2017-09-23,1,7.2
1,2017-09-24,1,14.2
1,2017-09-25,1,17.7
1,2017-09-26,1,30.5
1,2017-09-27,1,27.8
1,2017-09-28,1,6.4
1,2017-09-29,1,7.2
1,2017-09-30,1,6.3
1,2017-10-01,1,5.3
1,2017-10-02,1,9.3
1,2017-10-03,1,7
1,2017-10-04,1,7.3
1,2017-10-05,1,5.6
1,2017-10-06,1,7.2
1,2017-10-07,1,5.4
1,2017-10-08,1,7.2
1,2017-10-09,1,8.6
1,2017-10-10,1,5.8
1,2017-10-11,1,5.6
1,2017-10-12,1,8
1,2017-10-13,1,7
1,2017-10-14,1,10.2
1,2017-10-15,1,19.8
1,2017-10-16,1,15
1,2017-10-17,1,11
1,2017-10-18,1,19.3
1,2017-10-19,1,17
1,2017-10-20,1,6.5
1,2017-10-21,1,7.7
1,2017-10-22,1,5.1
1,2017-10-23,1,5.9
1,2017-10-24,1,6.2
1,2017-10-25,1,8.9
1,2017-10-26,1,11.3
1,2017-10-27,1,11.7
1,2017-10-28,1,8.9
1,2017-10-29,1,8
1,2017-10-30,1,14.3
1,2017-10-31,1,13
1,2017-11-01,1,19.3
1,2017-11-02,1,20.9
1,2017-11-03,1,25.5
1,2017-11-04,1,15
1,2017-11-05,1,12.5
1,2017-11-06,1,19.3
1,2017-11-07,1,6.9
1,2017-11-08,1,8.6
1,2017-11-09,1,11.9
1,2017-11-10,1,8
1,2017-11-11,1,6.6
1,2017-11-12,1,4.4
1,2017-11-13,1,8.5
1,2017-11-14,1,9.3
1,2017-11-15,1,11.7
1,2017-11-16,1,11.5
1,2017-11-17,1,13.3
1,2017-11-18,1,9.7
1,2017-11-19,1,10.6
1,2017-11-20,1,8.9
1,2017-11-21,1,9.6
1,2017-11-22,1,11.9
1,2017-11-23,1,7.1
1,2017-11-24,1,12.6
1,2017-11-25,1,10.6
1,2017-11-26,1,7.3
1,2017-11-27,1,5.3
1,2017-11-28,1,6.6
1,2017-11-29,1,6.7
1,2017-11-30,1,6.4
1,2017-12-01,1,7
1,2017-12-02,1,14.3
1,2017-12-03,1,9.2
1,2017-12-04,1,10.9
1,2017-12-05,1,9.8
1,2017-12-06,1,8.1
1,2017-12-07,1,7.5
1,2017-12-08,1,5.2
1,2017-12-09,1,10.8
1,2017-12-10,1,7.1
1,2017-12-11,1,6.5
1,2017-12-12,1,14
1,2017-12-13,1,6
1,2017-12-14,1,5.9
1,2017-12-15,1,4.9
1,2017-12-16,1,8.6
1,2017-12-17,1,11.1
1,2017-12-18,1,15.6
1,2017-12-19,1,23.4
1,2017-12-20,1,13.5
1,2017-12-21,1,9.2
1,2017-12-22,1,10.1
1,2017-12-23,1,7
1,2017-12-24,1,4.1
1,2017-12-25,1,7.1
1,2017-12-26,1,4.5
1,2017-12-27,1,3.9
1,2017-12-28,1,10.5
1,2017-12-29,1,7.6
1,2017-12-30,1,9.7
1,2017-12-31,1,5.7
2,2017-01-01,NA,NA
2,2017-01-02,NA,NA
2,2017-01-03,NA,NA
2,2017-01-04,NA,NA
2,2017-01-05,NA,NA
2,2017-01-06,NA,NA
2,2017-01-07,NA,NA
2,2017-01-08,NA,NA
2,2017-01-09,NA,NA
2,2017-01-10,NA,NA
2,2017-01-11,NA,NA
2,2017-01-12,NA,NA
2,2017-01-13,NA,NA
2,2017-01-14,NA,NA
2,2017-01-15,NA,NA
2,2017-01-16,NA,NA
2,2017-01-17,NA,NA
2,2017-01-18,NA,NA
2,2017-01-19,NA,NA
2,2017-01-20,NA,NA
2,2017-01-21,NA,NA
2,2017-01-22,NA,NA
2,2017-01-23,NA,NA
2,2017-01-24,NA,NA
2,2017-01-25,NA,NA
2,2017-01-26,NA,NA
2,2017-01-27,NA,NA
2,2017-01-28,NA,NA
2,2017-01-29,NA,NA
2,2017-01-30,4,4.3
2,2017-01-31,4,6.1
2,2017-02-01,4,5.6
2,2017-02-02,4,8.5
2,2017-02-03,4,6.7
2,2017-02-04,4,6
2,2017-02-05,4,9.2
2,2017-02-06,4,6.7
2,2017-02-07,4,8.5
2,2017-02-08,4,12.8
2,2017-02-09,4,20.3
2,2017-02-10,4,26.5
2,2017-02-11,4,21.9
2,2017-02-12,4,29.1
2,2017-02-13,4,29.8
2,2017-02-14,4,18
2,2017-02-15,4,8.3
2,2017-02-16,4,5.8
2,2017-02-17,4,7.9
2,2017-02-18,4,16.2
2,2017-02-19,4,8
2,2017-02-20,4,4.5
2,2017-02-21,4,4.6
2,2017-02-22,4,5.3
2,2017-02-23,4,5.1
2,2017-02-24,4,5.6
2,2017-02-25,4,5.3
2,2017-02-26,4,4.3
2,2017-02-27,4,3.9
2,2017-02-28,4,5.5
2,2017-03-01,4,5.2
2,2017-03-02,4,6.5
2,2017-03-03,4,8.1
2,2017-03-04,4,5.2
2,2017-03-05,4,4.9
2,2017-03-06,4,5.2
2,2017-03-07,4,5.1
2,2017-03-08,4,5
2,2017-03-09,4,6.7
2,2017-03-10,4,9.7
2,2017-03-11,4,11.9
2,2017-03-12,4,9.9
2,2017-03-13,4,6.4
2,2017-03-14,4,8.4
2,2017-03-15,4,9.9
2,2017-03-16,4,9.4
2,2017-03-17,4,7.1
2,2017-03-18,4,6.2
2,2017-03-19,4,7.4
2,2017-03-20,4,4.9
2,2017-03-21,4,5.5
2,2017-03-22,4,6.5
2,2017-03-23,4,15.2
2,2017-03-24,4,23
2,2017-03-25,4,9.9
2,2017-03-26,4,10.3
2,2017-03-27,4,28.1
2,2017-03-28,4,11.4
2,2017-03-29,4,7
2,2017-03-30,4,9
2,2017-03-31,4,8.5
2,2017-04-01,4,6.2
2,2017-04-02,4,8.7
2,2017-04-03,4,10.9
2,2017-04-04,4,7.7
2,2017-04-05,4,7.3
2,2017-04-06,4,13.8
2,2017-04-07,4,18
2,2017-04-08,4,24
2,2017-04-09,4,25.7
2,2017-04-10,4,7.1
2,2017-04-11,4,7.4
2,2017-04-12,4,7.2
2,2017-04-13,4,8.3
2,2017-04-14,4,6.8
2,2017-04-15,4,5.5
2,2017-04-16,4,5.9
2,2017-04-17,4,6.2
2,2017-04-18,4,8.1
2,2017-04-19,4,7.6
2,2017-04-20,4,9.6
2,2017-04-21,4,12.7
2,2017-04-22,4,8.6
2,2017-04-23,4,11.6
2,2017-04-24,4,7.7
2,2017-04-25,4,4.6
2,2017-04-26,4,6.4
2,2017-04-27,4,8.1
2,2017-04-28,4,6.2
2,2017-04-29,4,9.6
2,2017-04-30,4,7.5
2,2017-05-01,4,4.8
2,2017-05-02,4,11.2
2,2017-05-03,4,13.4
2,2017-05-04,4,15
2,2017-05-05,4,10.6
2,2017-05-06,4,20.9
2,2017-05-07,4,11
2,2017-05-08,4,11.4
2,2017-05-09,4,10.5
2,2017-05-10,4,13.4
2,2017-05-11,4,15.1
2,2017-05-12,4,9.9
2,2017-05-13,4,8.1
2,2017-05-14,4,6
2,2017-05-15,4,6.4
2,2017-05-16,4,6.8
2,2017-05-17,4,6
2,2017-05-18,4,5.8
2,2017-05-19,4,5.3
2,2017-05-20,4,5.8
2,2017-05-21,4,6.8
2,2017-05-22,4,9.2
2,2017-05-23,4,6.3
2,2017-05-24,4,9.8
2,2017-05-25,4,10.1
2,2017-05-26,4,10.7
2,2017-05-27,4,9.7
2,2017-05-28,4,9.4
2,2017-05-29,4,11.6
2,2017-05-30,4,7.3
2,2017-05-31,4,7.6
2,2017-06-01,4,12
2,2017-06-02,4,9.2
2,2017-06-03,4,5.8
2,2017-06-04,4,5.4
2,2017-06-05,4,5.6
2,2017-06-06,4,5.9
2,2017-06-07,4,5.9
2,2017-06-08,4,5.4
2,2017-06-09,4,7.1
2,2017-06-10,4,6.1
2,2017-06-11,4,6.3
2,2017-06-12,4,6.2
2,2017-06-13,4,7.2
2,2017-06-14,4,13.8
2,2017-06-15,4,8.8
2,2017-06-16,4,6.8
2,2017-06-17,4,8.6
2,2017-06-18,4,10.9
2,2017-06-19,4,15.1
2,2017-06-20,4,17
2,2017-06-21,4,19.7
2,2017-06-22,4,11
2,2017-06-23,4,6.2
2,2017-06-24,4,5.3
2,2017-06-25,4,4.7
2,2017-06-26,4,9.1
2,2017-06-27,4,6.8
2,2017-06-28,4,7.9
2,2017-06-29,4,6.3
2,2017-06-30,4,5.8
2,2017-07-01,4,5.7
2,2017-07-02,4,5.6
2,2017-07-03,4,5.6
2,2017-07-04,4,5.8
2,2017-07-05,4,10.3
2,2017-07-06,4,11.5
2,2017-07-07,4,6.5
2,2017-07-08,4,6.4
2,2017-07-09,4,7.7
2,2017-07-10,4,5.7
2,2017-07-11,4,5.3
2,2017-07-12,4,5
2,2017-07-13,4,6.9
2,2017-07-14,4,6
2,2017-07-15,4,5.7
2,2017-07-16,4,5
2,2017-07-17,4,7.2
2,2017-07-18,4,11.3
2,2017-07-19,4,11
2,2017-07-20,4,5.8
2,2017-07-21,4,5.9
2,2017-07-22,4,5.3
2,2017-07-23,4,5.1
2,2017-07-24,4,6
2,2017-07-25,4,9.1
2,2017-07-26,4,5.6
2,2017-07-27,4,6.2
2,2017-07-28,4,6.1
2,2017-07-29,4,5
2,2017-07-30,4,4.9
2,2017-07-31,4,5.5
2,2017-08-01,4,5
2,2017-08-02,4,4.4
2,2017-08-03,4,6.8
2,2017-08-04,4,5.2
2,2017-08-05,4,4.7
2,2017-08-06,4,4.9
2,2017-08-07,4,5.5
2,2017-08-08,4,5.1
2,2017-08-09,4,5.1
2,2017-08-10,4,5.5
2,2017-08-11,4,5.8
2,2017-08-12,4,4.4
2,2017-08-13,4,5.6
2,2017-08-14,4,8.7
2,2017-08-15,4,6.5
2,2017-08-16,4,6
2,2017-08-17,4,5.1
2,2017-08-18,4,5.8
2,2017-08-19,4,5.2
2,2017-08-20,4,4.9
2,2017-08-21,4,5.5
2,2017-08-22,4,8.3
2,2017-08-23,4,9.2
2,2017-08-24,4,5.7
2,2017-08-25,4,9.6
2,2017-08-26,4,10.1
2,2017-08-27,4,13.4
2,2017-08-28,4,17.2
2,2017-08-29,4,9.1
2,2017-08-30,4,6.2
2,2017-08-31,4,5.4
2,2017-09-01,4,6.7
2,2017-09-02,4,6.6
2,2017-09-03,4,5.3
2,2017-09-04,4,5.5
2,2017-09-05,4,4
2,2017-09-06,4,9.1
2,2017-09-07,4,7.7
2,2017-09-08,4,4.3
2,2017-09-09,4,5.1
2,2017-09-10,4,6
2,2017-09-11,4,6.1
2,2017-09-12,4,6.2
2,2017-09-13,4,4.9
2,2017-09-14,4,4.7
2,2017-09-15,4,5.4
2,2017-09-16,4,5.9
2,2017-09-17,4,7.1
2,2017-09-18,4,6.3
2,2017-09-19,4,6.1
2,2017-09-20,4,5.1
2,2017-09-21,4,4.9
2,2017-09-22,4,4.9
2,2017-09-23,4,6.4
2,2017-09-24,4,11.7
2,2017-09-25,4,15.5
2,2017-09-26,4,26.1
2,2017-09-27,4,20.2
2,2017-09-28,4,4.9
2,2017-09-29,4,5.2
2,2017-09-30,4,5.1
2,2017-10-01,4,5
2,2017-10-02,4,7.1
2,2017-10-03,4,5.8
2,2017-10-04,4,5.4
2,2017-10-05,4,4.6
2,2017-10-06,4,5.2
2,2017-10-07,4,4.6
2,2017-10-08,4,5.3
2,2017-10-09,4,5.2
2,2017-10-10,4,4.6
2,2017-10-11,4,5.3
2,2017-10-12,4,5.8
2,2017-10-13,4,4.9
2,2017-10-14,4,7.7
2,2017-10-15,4,17.1
2,2017-10-16,4,13.1
2,2017-10-17,4,7.1
2,2017-10-18,4,12.1
2,2017-10-19,4,10.2
2,2017-10-20,4,6
2,2017-10-21,4,6.9
2,2017-10-22,4,4.2
2,2017-10-23,4,4.9
2,2017-10-24,4,5.4
2,2017-10-25,4,6.8
2,2017-10-26,4,8.5
2,2017-10-27,4,7.7
2,2017-10-28,4,6.1
2,2017-10-29,4,7.1
2,2017-10-30,4,9.2
2,2017-10-31,4,6.7
2,2017-11-01,4,8.9
2,2017-11-02,4,13.6
2,2017-11-03,4,14.4
2,2017-11-04,4,10.2
2,2017-11-05,4,7.1
2,2017-11-06,4,8.9
2,2017-11-07,4,5.8
2,2017-11-08,4,5.8
2,2017-11-09,4,8
2,2017-11-10,4,6.2
2,2017-11-11,4,5.5
2,2017-11-12,4,4.8
2,2017-11-13,4,5.7
2,2017-11-14,4,5.4
2,2017-11-15,4,5.7
2,2017-11-16,4,8.4
2,2017-11-17,4,9.3
2,2017-11-18,4,5.9
2,2017-11-19,4,6.3
2,2017-11-20,4,6.2
2,2017-11-21,4,7.8
2,2017-11-22,4,9.9
2,2017-11-23,4,6.3
2,2017-11-24,4,7.2
2,2017-11-25,4,6.3
2,2017-11-26,4,4.8
2,2017-11-27,4,4.9
2,2017-11-28,4,5.6
2,2017-11-29,4,5.8
2,2017-11-30,4,5.2
2,2017-12-01,4,5.2
2,2017-12-02,4,7.7
2,2017-12-03,4,5.7
2,2017-12-04,4,8.1
2,2017-12-05,4,5.3
2,2017-12-06,4,5.1
2,2017-12-07,4,6.2
2,2017-12-08,4,4.1
2,2017-12-09,4,5.1
2,2017-12-10,4,5.9
2,2017-12-11,4,5.4
2,2017-12-12,4,5.3
2,2017-12-13,4,4.9
2,2017-12-14,4,4.7
2,2017-12-15,4,4.4
2,2017-12-16,4,5.4
2,2017-12-17,4,6.4
2,2017-12-18,4,9.6
2,2017-12-19,4,10.8
2,2017-12-20,4,6.3
2,2017-12-21,4,5.2
2,2017-12-22,4,5
2,2017-12-23,4,4.7
2,2017-12-24,4,3.8
2,2017-12-25,4,6.5
2,2017-12-26,4,4.6
2,2017-12-27,4,3.6
2,2017-12-28,4,4.2
2,2017-12-29,4,6.6
2,2017-12-30,4,8.8
2,2017-12-31,4,6.6
3,2017-01-01,NA,NA
3,2017-01-02,NA,NA
3,2017-01-03,NA,NA
3,2017-01-04,NA,NA
3,2017-01-05,NA,NA
3,2017-01-06,NA,NA
3,2017-01-07,NA,NA
3,2017-01-08,NA,NA
3,2017-01-09,NA,NA
3,2017-01-10,NA,NA
3,2017-01-11,NA,NA
3,2017-01-12,NA,NA
3,2017-01-13,NA,NA
3,2017-01-14,NA,NA
3,2017-01-15,NA,NA
3,2017-01-16,NA,NA
3,2017-01-17,NA,NA
3,2017-01-18,NA,NA
3,2017-01-19,NA,NA
3,2017-01-20,NA,NA
3,2017-01-21,NA,NA
3,2017-01-22,NA,NA
3,2017-01-23,NA,NA
3,2017-01-24,NA,NA
3,2017-01-25,NA,NA
3,2017-01-26,NA,NA
3,2017-01-27,NA,NA
3,2017-01-28,NA,NA
3,2017-01-29,NA,NA
3,2017-01-30,NA,NA
3,2017-01-31,NA,NA
3,2017-02-01,NA,NA
3,2017-02-02,NA,NA
3,2017-02-03,NA,NA
3,2017-02-04,NA,NA
3,2017-02-05,NA,NA
3,2017-02-06,NA,NA
3,2017-02-07,NA,NA
3,2017-02-08,NA,NA
3,2017-02-09,NA,NA
3,2017-02-10,NA,NA
3,2017-02-11,NA,NA
3,2017-02-12,NA,NA
3,2017-02-13,NA,NA
3,2017-02-14,NA,NA
3,2017-02-15,NA,NA
3,2017-02-16,NA,NA
3,2017-02-17,NA,NA
3,2017-02-18,NA,NA
3,2017-02-19,NA,NA
3,2017-02-20,NA,NA
3,2017-02-21,NA,NA
3,2017-02-22,NA,NA
3,2017-02-23,NA,NA
3,2017-02-24,NA,NA
3,2017-02-25,NA,NA
3,2017-02-26,NA,NA
3,2017-02-27,NA,NA
3,2017-02-28,NA,NA
3,2017-03-01,NA,NA
3,2017-03-02,NA,NA
3,2017-03-03,NA,NA
3,2017-03-04,NA,NA
3,2017-03-05,NA,NA
3,2017-03-06,NA,NA
3,2017-03-07,NA,NA
3,2017-03-08,NA,NA
3,2017-03-09,NA,NA
3,2017-03-10,NA,NA
3,2017-03-11,NA,NA
3,2017-03-12,NA,NA
3,2017-03-13,NA,NA
3,2017-03-14,NA,NA
3,2017-03-15,NA,NA
3,2017-03-16,NA,NA
3,2017-03-17,NA,NA
3,2017-03-18,NA,NA
3,2017-03-19,NA,NA
3,2017-03-20,NA,NA
3,2017-03-21,NA,NA
3,2017-03-22,NA,NA
3,2017-03-23,NA,NA
3,2017-03-24,NA,NA
3,2017-03-25,NA,NA
3,2017-03-26,NA,NA
3,2017-03-27,NA,NA
3,2017-03-28,NA,NA
3,2017-03-29,NA,NA
3,2017-03-30,NA,NA
3,2017-03-31,NA,NA
3,2017-04-01,NA,NA
3,2017-04-02,NA,NA
3,2017-04-03,NA,NA
3,2017-04-04,NA,NA
3,2017-04-05,NA,NA
3,2017-04-06,NA,NA
3,2017-04-07,NA,NA
3,2017-04-08,NA,NA
3,2017-04-09,NA,NA
3,2017-04-10,NA,NA
3,2017-04-11,NA,NA
3,2017-04-12,NA,NA
3,2017-04-13,NA,NA
3,2017-04-14,NA,NA
3,2017-04-15,NA,NA
3,2017-04-16,NA,NA
3,2017-04-17,NA,NA
3,2017-04-18,NA,NA
3,2017-04-19,NA,NA
3,2017-04-20,NA,NA
3,2017-04-21,NA,NA
3,2017-04-22,NA,NA
3,2017-04-23,NA,NA
3,2017-04-24,NA,NA
3,2017-04-25,NA,NA
3,2017-04-26,NA,NA
3,2017-04-27,NA,NA
3,2017-04-28,NA,NA
3,2017-04-29,NA,NA
3,2017-04-30,NA,NA
3,2017-05-01,NA,NA
3,2017-05-02,NA,NA
3,2017-05-03,NA,NA
3,2017-05-04,NA,NA
3,2017-05-05,NA,NA
3,2017-05-06,NA,NA
3,2017-05-07,NA,NA
3,2017-05-08,NA,NA
3,2017-05-09,NA,NA
3,2017-05-10,NA,NA
3,2017-05-11,NA,NA
3,2017-05-12,NA,NA
3,2017-05-13,NA,NA
3,2017-05-14,NA,NA
3,2017-05-15,NA,NA
3,2017-05-16,NA,NA
3,2017-05-17,NA,NA
3,2017-05-18,NA,NA
3,2017-05-19,NA,NA
3,2017-05-20,NA,NA
3,2017-05-21,NA,NA
3,2017-05-22,NA,NA
3,2017-05-23,NA,NA
3,2017-05-24,NA,NA
3,2017-05-25,NA,NA
3,2017-05-26,NA,NA
3,2017-05-27,NA,NA
3,2017-05-28,NA,NA
3,2017-05-29,NA,NA
3,2017-05-30,NA,NA
3,2017-05-31,NA,NA
3,2017-06-01,NA,NA
3,2017-06-02,NA,NA
3,2017-06-03,NA,NA
3,2017-06-04,NA,NA
3,2017-06-05,NA,NA
3,2017-06-06,NA,NA
3,2017-06-07,NA,NA
3,2017-06-08,NA,NA
3,2017-06-09,NA,NA
3,2017-06-10,NA,NA
3,2017-06-11,NA,NA
3,2017-06-12,NA,NA
3,2017-06-13,NA,NA
3,2017-06-14,NA,NA
3,2017-06-15,NA,NA
3,2017-06-16,NA,NA
3,2017-06-17,NA,NA
3,2017-06-18,NA,NA
3,2017-06-19,NA,NA
3,2017-06-20,NA,NA
3,2017-06-21,NA,NA
3,2017-06-22,NA,NA
3,2017-06-23,NA,NA
3,2017-06-24,NA,NA
3,2017-06-25,NA,NA
3,2017-06-26,NA,NA
3,2017-06-27,NA,NA
3,2017-06-28,NA,NA
3,2017-06-29,NA,NA
3,2017-06-30,NA,NA
3,2017-07-01,NA,NA
3,2017-07-02,NA,NA
3,2017-07-03,NA,NA
3,2017-07-04,NA,NA
3,2017-07-05,NA,NA
3,2017-07-06,NA,NA
3,2017-07-07,NA,NA
3,2017-07-08,NA,NA
3,2017-07-09,NA,NA
3,2017-07-10,NA,NA
3,2017-07-11,NA,NA
3,2017-07-12,NA,NA
3,2017-07-13,NA,NA
3,2017-07-14,NA,NA
3,2017-07-15,NA,NA
3,2017-07-16,NA,NA
3,2017-07-17,NA,NA
3,2017-07-18,NA,NA
3,2017-07-19,NA,NA
3,2017-07-20,NA,NA
3,2017-07-21,NA,NA
3,2017-07-22,NA,NA
3,2017-07-23,NA,NA
3,2017-07-24,NA,NA
3,2017-07-25,NA,NA
3,2017-07-26,NA,NA
3,2017-07-27,NA,NA
3,2017-07-28,NA,NA
3,2017-07-29,NA,NA
3,2017-07-30,NA,NA
3,2017-07-31,NA,NA
3,2017-08-01,NA,NA
3,2017-08-02,NA,NA
3,2017-08-03,NA,NA
3,2017-08-04,NA,NA
3,2017-08-05,NA,NA
3,2017-08-06,NA,NA
3,2017-08-07,NA,NA
3,2017-08-08,NA,NA
3,2017-08-09,NA,NA
3,2017-08-10,NA,NA
3,2017-08-11,NA,NA
3,2017-08-12,NA,NA
3,2017-08-13,NA,NA
3,2017-08-14,NA,NA
3,2017-08-15,NA,NA
3,2017-08-16,NA,NA
3,2017-08-17,NA,NA
3,2017-08-18,NA,NA
3,2017-08-19,NA,NA
3,2017-08-20,NA,NA
3,2017-08-21,NA,NA
3,2017-08-22,NA,NA
3,2017-08-23,NA,NA
3,2017-08-24,NA,NA
3,2017-08-25,NA,NA
3,2017-08-26,NA,NA
3,2017-08-27,NA,NA
3,2017-08-28,NA,NA
3,2017-08-29,NA,NA
3,2017-08-30,NA,NA
3,2017-08-31,NA,NA
3,2017-09-01,NA,NA
3,2017-09-02,NA,NA
3,2017-09-03,NA,NA
3,2017-09-04,NA,NA
3,2017-09-05,NA,NA
3,2017-09-06,NA,NA
3,2017-09-07,NA,NA
3,2017-09-08,NA,NA
3,2017-09-09,NA,NA
3,2017-09-10,NA,NA
3,2017-09-11,NA,NA
3,2017-09-12,NA,NA
3,2017-09-13,NA,NA
3,2017-09-14,NA,NA
3,2017-09-15,NA,NA
3,2017-09-16,NA,NA
3,2017-09-17,NA,NA
3,2017-09-18,NA,NA
3,2017-09-19,NA,NA
3,2017-09-20,NA,NA
3,2017-09-21,NA,NA
3,2017-09-22,NA,NA
3,2017-09-23,NA,NA
3,2017-09-24,NA,NA
3,2017-09-25,NA,NA
3,2017-09-26,NA,NA
3,2017-09-27,NA,NA
3,2017-09-28,NA,NA
3,2017-09-29,NA,NA
3,2017-09-30,NA,NA
3,2017-10-01,NA,NA
3,2017-10-02,NA,NA
3,2017-10-03,NA,NA
3,2017-10-04,NA,NA
3,2017-10-05,NA,NA
3,2017-10-06,NA,NA
3,2017-10-07,NA,NA
3,2017-10-08,NA,NA
3,2017-10-09,NA,NA
3,2017-10-10,NA,NA
3,2017-10-11,NA,NA
3,2017-10-12,NA,NA
3,2017-10-13,NA,NA
3,2017-10-14,NA,NA
3,2017-10-15,NA,NA
3,2017-10-16,NA,NA
3,2017-10-17,NA,NA
3,2017-10-18,NA,NA
3,2017-10-19,NA,NA
3,2017-10-20,NA,NA
3,2017-10-21,NA,NA
3,2017-10-22,NA,NA
3,2017-10-23,NA,NA
3,2017-10-24,NA,NA
3,2017-10-25,NA,NA
3,2017-10-26,NA,NA
3,2017-10-27,6,10.4
3,2017-10-28,6,8.4
3,2017-10-29,6,7.5
3,2017-10-30,6,12.5
3,2017-10-31,6,11.4
3,2017-11-01,6,16.4
3,2017-11-02,6,19.1
3,2017-11-03,6,25.4
3,2017-11-04,6,16.2
3,2017-11-05,6,9.4
3,2017-11-06,6,21.7
3,2017-11-07,6,8.4
3,2017-11-08,6,8.7
3,2017-11-09,6,11.2
3,2017-11-10,6,8
3,2017-11-11,6,6
3,2017-11-12,6,4.5
3,2017-11-13,6,8.6
3,2017-11-14,6,10.1
3,2017-11-15,6,12.3
3,2017-11-16,6,11.4
3,2017-11-17,6,12.2
3,2017-11-18,6,9.5
3,2017-11-19,6,10.3
3,2017-11-20,6,8.5
3,2017-11-21,6,10.2
3,2017-11-22,6,12.7
3,2017-11-23,6,7.7
3,2017-11-24,6,13
3,2017-11-25,6,9.9
3,2017-11-26,6,7.1
3,2017-11-27,6,5.6
3,2017-11-28,6,6.6
3,2017-11-29,6,6.3
3,2017-11-30,6,6.1
3,2017-12-01,6,7.1
3,2017-12-02,6,14.2
3,2017-12-03,6,7.9
3,2017-12-04,6,10.1
3,2017-12-05,6,8.1
3,2017-12-06,6,7.6
3,2017-12-07,6,7.3
3,2017-12-08,6,4.7
3,2017-12-09,6,9.7
3,2017-12-10,6,7
3,2017-12-11,6,6.5
3,2017-12-12,6,13
3,2017-12-13,6,6.5
3,2017-12-14,6,5.9
3,2017-12-15,6,4.7
3,2017-12-16,6,8.6
3,2017-12-17,6,12
3,2017-12-18,6,14.2
3,2017-12-19,6,21.6
3,2017-12-20,6,13.2
3,2017-12-21,6,10
3,2017-12-22,6,10
3,2017-12-23,6,6.8
3,2017-12-24,6,4.2
3,2017-12-25,6,7.7
3,2017-12-26,6,4.7
3,2017-12-27,6,3.7
3,2017-12-28,6,9.9
3,2017-12-29,6,7.8
3,2017-12-30,6,10.6
3,2017-12-31,6,6.3
1,2018-01-01,1,5.3
1,2018-01-02,1,7.6
1,2018-01-03,1,10.7
1,2018-01-04,1,6.8
1,2018-01-05,1,8.1
1,2018-01-06,1,10.3
1,2018-01-07,1,6.6
1,2018-01-08,1,12.3
1,2018-01-09,1,21
1,2018-01-10,1,15.7
1,2018-01-11,1,20.5
1,2018-01-12,1,25
1,2018-01-13,1,19.4
1,2018-01-14,1,24.2
1,2018-01-15,1,6.6
1,2018-01-16,1,5.3
1,2018-01-17,1,6.9
1,2018-01-18,1,5.8
1,2018-01-19,1,6.8
1,2018-01-20,1,7.9
1,2018-01-21,1,7.9
1,2018-01-22,1,8.9
1,2018-01-23,1,6.1
1,2018-01-24,1,5.7
1,2018-01-25,1,7.3
1,2018-01-26,1,12.7
1,2018-01-27,1,9.7
1,2018-01-28,1,5.2
1,2018-01-29,1,6.5
1,2018-01-30,1,12.1
1,2018-01-31,1,5.8
1,2018-02-01,1,6.3
1,2018-02-02,1,9.4
1,2018-02-03,1,12.1
1,2018-02-04,1,7.6
1,2018-02-05,1,9.9
1,2018-02-06,1,13.9
1,2018-02-07,1,11
1,2018-02-08,1,12.1
1,2018-02-09,1,6.6
1,2018-02-10,1,6.9
1,2018-02-11,1,5.3
1,2018-02-12,1,7.3
1,2018-02-13,1,6.5
1,2018-02-14,1,7.5
1,2018-02-15,1,7.5
1,2018-02-16,1,10.1
1,2018-02-17,1,14.5
1,2018-02-18,1,13.2
1,2018-02-19,1,11.1
1,2018-02-20,1,7.2
1,2018-02-21,1,25.9
1,2018-02-22,1,23.6
1,2018-02-23,1,22.7
1,2018-02-24,1,24.3
1,2018-02-25,1,12.4
1,2018-02-26,1,9.1
1,2018-02-27,1,9.9
1,2018-02-28,1,16.1
1,2018-03-01,1,30.1
1,2018-03-02,1,31.2
1,2018-03-03,1,30.6
1,2018-03-04,1,12.2
1,2018-03-05,1,9.1
1,2018-03-06,1,11.1
1,2018-03-07,1,10.4
1,2018-03-08,1,6.6
1,2018-03-09,1,12
1,2018-03-10,1,12.5
1,2018-03-11,1,12
1,2018-03-12,1,7.6
1,2018-03-13,1,10.5
1,2018-03-14,1,10.3
1,2018-03-15,1,8.9
1,2018-03-16,1,11.2
1,2018-03-17,1,11.7
1,2018-03-18,1,16.8
1,2018-03-19,1,13.1
1,2018-03-20,1,11.1
1,2018-03-21,1,13.8
1,2018-03-22,1,9.8
1,2018-03-23,1,9.4
1,2018-03-24,1,17.9
1,2018-03-25,1,23.8
1,2018-03-26,1,10.3
1,2018-03-27,1,7.6
1,2018-03-28,1,6.8
1,2018-03-29,1,6.6
1,2018-03-30,1,7.1
1,2018-03-31,1,7.3
1,2018-04-01,1,9.1
1,2018-04-02,1,7.4
1,2018-04-03,1,8.4
1,2018-04-04,1,7.4
1,2018-04-05,1,6.3
1,2018-04-06,1,16
1,2018-04-07,1,21
1,2018-04-08,1,15.2
1,2018-04-09,1,18.2
1,2018-04-10,1,20
1,2018-04-11,1,29.1
1,2018-04-12,2,25.5
1,2018-04-13,2,15.6
1,2018-04-14,2,21.8
1,2018-04-15,2,14.7
1,2018-04-16,2,7.9
1,2018-04-17,2,9
1,2018-04-18,2,11.6
1,2018-04-19,2,20.1
1,2018-04-20,2,12.7
1,2018-04-21,2,24.4
1,2018-04-22,2,14.1
1,2018-04-23,2,5.9
1,2018-04-24,2,6.1
1,2018-04-25,2,5.6
1,2018-04-26,2,5.6
1,2018-04-27,2,8.5
1,2018-04-28,2,7.5
1,2018-04-29,2,6.4
1,2018-04-30,2,6.4
1,2018-05-01,2,6
1,2018-05-02,2,5.4
1,2018-05-03,2,7.7
1,2018-05-04,2,9.9
1,2018-05-05,2,16.4
1,2018-05-06,2,22.2
1,2018-05-07,2,22.8
1,2018-05-08,2,20.1
1,2018-05-09,2,7.3
1,2018-05-10,2,6.7
1,2018-05-11,2,9.7
1,2018-05-12,2,7.6
1,2018-05-13,2,7.5
1,2018-05-14,2,7.2
1,2018-05-15,2,8.3
1,2018-05-16,2,9.6
1,2018-05-17,2,10
1,2018-05-18,2,12
1,2018-05-19,2,12.5
1,2018-05-20,2,16.2
1,2018-05-21,2,19.6
1,2018-05-22,2,13.5
1,2018-05-23,2,15.2
1,2018-05-24,2,20
1,2018-05-25,2,18.2
1,2018-05-26,2,24
1,2018-05-27,2,14.7
1,2018-05-28,2,17.8
1,2018-05-29,2,17.7
1,2018-05-30,2,15.6
1,2018-05-31,2,14.4
1,2018-06-01,2,11.1
1,2018-06-02,2,8
1,2018-06-03,2,8.9
1,2018-06-04,2,13.3
1,2018-06-05,2,10.3
1,2018-06-06,2,12.4
1,2018-06-07,2,15.6
1,2018-06-08,2,15.3
1,2018-06-09,2,14.3
1,2018-06-10,2,14
1,2018-06-11,2,10.5
1,2018-06-12,2,10.8
1,2018-06-13,2,9
1,2018-06-14,2,7.5
1,2018-06-15,2,7.1
1,2018-06-16,2,6.7
1,2018-06-17,2,5.9
1,2018-06-18,2,6.4
1,2018-06-19,2,5.6
1,2018-06-20,2,4.8
1,2018-06-21,2,5.8
1,2018-06-22,2,8.9
1,2018-06-23,2,11
1,2018-06-24,2,11.1
1,2018-06-25,2,9.7
1,2018-06-26,2,10
1,2018-06-27,2,10.6
1,2018-06-28,2,11.9
1,2018-06-29,2,10.7
1,2018-06-30,2,11.5
1,2018-07-01,2,13.6
1,2018-07-02,2,11.1
1,2018-07-03,2,9.8
1,2018-07-04,2,11.1
1,2018-07-05,2,10.9
1,2018-07-06,2,13.3
1,2018-07-07,2,11.5
1,2018-07-08,2,10.2
1,2018-07-09,2,10.7
1,2018-07-10,2,8.1
1,2018-07-11,2,9.4
1,2018-07-12,2,10.9
1,2018-07-13,2,10.3
1,2018-07-14,2,9.2
1,2018-07-15,2,7.6
1,2018-07-16,2,7.3
1,2018-07-17,2,4.8
1,2018-07-18,2,5.8
1,2018-07-19,2,7.9
1,2018-07-20,2,11.6
1,2018-07-21,2,8.3
1,2018-07-22,2,5.7
1,2018-07-23,2,5.7
1,2018-07-24,2,6
1,2018-07-25,2,5.9
1,2018-07-26,2,10
1,2018-07-27,2,5.6
1,2018-07-28,2,7.4
1,2018-07-29,2,5.4
1,2018-07-30,2,5.8
1,2018-07-31,2,5
1,2018-08-01,2,4.7
1,2018-08-02,2,5.6
1,2018-08-03,2,7.8
1,2018-08-04,2,6.2
1,2018-08-05,2,7.3
1,2018-08-06,2,6.9
1,2018-08-07,2,5.8
1,2018-08-08,2,4.8
1,2018-08-09,2,4.6
1,2018-08-10,2,4.8
1,2018-08-11,2,4.9
1,2018-08-12,2,4.1
1,2018-08-13,2,4.5
1,2018-08-14,2,5
1,2018-08-15,2,5.1
1,2018-08-16,2,5.2
1,2018-08-17,2,5.4
1,2018-08-18,2,6.3
1,2018-08-19,2,4.7
1,2018-08-20,2,3.7
1,2018-08-21,2,4.1
1,2018-08-22,2,4.4
1,2018-08-23,2,4.6
1,2018-08-24,2,4.8
1,2018-08-25,2,4.5
1,2018-08-26,2,5.3
1,2018-08-27,2,4.6
1,2018-08-28,2,6.1
1,2018-08-29,2,5.2
1,2018-08-30,2,8
1,2018-08-31,2,11
1,2018-09-01,2,10.3
1,2018-09-02,2,11.8
1,2018-09-03,2,11.6
1,2018-09-04,2,12.9
1,2018-09-05,2,9.4
1,2018-09-06,2,5.7
1,2018-09-07,2,4.6
1,2018-09-08,2,5.1
1,2018-09-09,2,5.6
1,2018-09-10,2,5.2
1,2018-09-11,2,6
1,2018-09-12,2,5.3
1,2018-09-13,2,5.5
1,2018-09-14,2,4.5
1,2018-09-15,2,6.1
1,2018-09-16,2,5.5
1,2018-09-17,2,6.8
1,2018-09-18,2,8.1
1,2018-09-19,2,9.2
1,2018-09-20,2,7.9
1,2018-09-21,2,4.7
1,2018-09-22,2,4.9
1,2018-09-23,2,4.1
1,2018-09-24,2,5.9
1,2018-09-25,2,8.3
1,2018-09-26,2,8.5
1,2018-09-27,2,9.8
1,2018-09-28,2,7.4
1,2018-09-29,2,8.4
1,2018-09-30,2,6.4
1,2018-10-01,2,5.4
1,2018-10-02,2,4.7
1,2018-10-03,2,6.4
1,2018-10-04,2,7.5
1,2018-10-05,2,11.8
1,2018-10-06,2,6.3
1,2018-10-07,2,5.2
1,2018-10-08,2,4.8
1,2018-10-09,2,8.6
1,2018-10-10,2,18.3
1,2018-10-11,2,7.3
1,2018-10-12,2,7
1,2018-10-13,2,8.5
1,2018-10-14,2,3.1
1,2018-10-15,2,6.6
1,2018-10-16,2,9.5
1,2018-10-17,2,6.9
1,2018-10-18,2,9.6
1,2018-10-19,2,11.7
1,2018-10-20,2,14.5
1,2018-10-21,2,10.8
1,2018-10-22,2,8
1,2018-10-23,2,8.5
1,2018-10-24,2,9.6
1,2018-10-25,2,8.6
1,2018-10-26,2,4.6
1,2018-10-27,2,4
1,2018-10-28,2,4.2
1,2018-10-29,2,5.5
1,2018-10-30,2,7.1
1,2018-10-31,2,8.9
1,2018-11-01,2,8.7
1,2018-11-02,2,9.4
1,2018-11-03,2,8
1,2018-11-04,2,10.4
1,2018-11-05,2,18.5
1,2018-11-06,2,10.4
1,2018-11-07,2,6.1
1,2018-11-08,2,6.7
1,2018-11-09,2,7.2
1,2018-11-10,2,7.9
1,2018-11-11,2,6.1
1,2018-11-12,2,6.6
1,2018-11-13,2,6.1
1,2018-11-14,2,9
1,2018-11-15,2,15.7
1,2018-11-16,2,17.6
1,2018-11-17,2,17
1,2018-11-18,2,11.8
1,2018-11-19,2,6.8
1,2018-11-20,2,10.9
1,2018-11-21,2,14.8
1,2018-11-22,2,23
1,2018-11-23,2,19.2
1,2018-11-24,2,22.8
1,2018-11-25,2,16
1,2018-11-26,2,12.5
1,2018-11-27,2,9.5
1,2018-11-28,2,8.8
1,2018-11-29,2,6.7
1,2018-11-30,2,6.7
1,2018-12-01,2,5.1
1,2018-12-02,2,5.9
1,2018-12-03,2,8
1,2018-12-04,2,8.5
1,2018-12-05,2,7
1,2018-12-06,2,6
1,2018-12-07,2,5.3
1,2018-12-08,2,7.4
1,2018-12-09,2,5.8
1,2018-12-10,2,7.4
1,2018-12-11,2,10.6
1,2018-12-12,2,7.7
1,2018-12-13,2,8.7
1,2018-12-14,2,11.4
1,2018-12-15,2,9.2
1,2018-12-16,2,5.7
1,2018-12-17,2,6.2
1,2018-12-18,2,8.1
1,2018-12-19,2,5.5
1,2018-12-20,2,5.7
1,2018-12-21,2,7.3
1,2018-12-22,2,7
1,2018-12-23,2,4.6
1,2018-12-24,2,8.5
1,2018-12-25,2,8.9
1,2018-12-26,2,11.8
1,2018-12-27,2,20
1,2018-12-28,2,14.7
1,2018-12-29,2,6.8
1,2018-12-30,2,4.7
1,2018-12-31,2,6
2,2018-01-01,4,5.8
2,2018-01-02,4,8.7
2,2018-01-03,4,10
2,2018-01-04,4,8.3
2,2018-01-05,4,7.3
2,2018-01-06,4,10.4
2,2018-01-07,4,6.5
2,2018-01-08,4,13.8
2,2018-01-09,4,15.7
2,2018-01-10,4,10.2
2,2018-01-11,4,20.5
2,2018-01-12,4,18.5
2,2018-01-13,4,14.9
2,2018-01-14,4,18.5
2,2018-01-15,4,6.5
2,2018-01-16,4,5.7
2,2018-01-17,4,6.8
2,2018-01-18,4,5.6
2,2018-01-19,4,5.3
2,2018-01-20,4,5.6
2,2018-01-21,4,6.5
2,2018-01-22,4,6.3
2,2018-01-23,4,6.5
2,2018-01-24,4,7.5
2,2018-01-25,4,7.2
2,2018-01-26,4,9.2
2,2018-01-27,4,8.6
2,2018-01-28,4,6
2,2018-01-29,4,5.9
2,2018-01-30,4,9.1
2,2018-01-31,4,6.1
2,2018-02-01,4,5.8
2,2018-02-02,4,7.9
2,2018-02-03,4,9.4
2,2018-02-04,4,6
2,2018-02-05,4,10.5
2,2018-02-06,4,12.8
2,2018-02-07,4,7.4
2,2018-02-08,4,8.1
2,2018-02-09,4,6.1
2,2018-02-10,4,6.6
2,2018-02-11,4,5.2
2,2018-02-12,4,6.2
2,2018-02-13,4,6.5
2,2018-02-14,4,7.2
2,2018-02-15,4,7.5
2,2018-02-16,4,7.7
2,2018-02-17,4,9.7
2,2018-02-18,4,7.8
2,2018-02-19,4,9.5
2,2018-02-20,4,7
2,2018-02-21,4,22.8
2,2018-02-22,4,19.1
2,2018-02-23,4,20.6
2,2018-02-24,4,22.2
2,2018-02-25,4,11.6
2,2018-02-26,4,9.6
2,2018-02-27,4,9.9
2,2018-02-28,4,15.2
2,2018-03-01,4,31
2,2018-03-02,4,22.3
2,2018-03-03,4,12.3
2,2018-03-04,4,8.9
2,2018-03-05,4,7.9
2,2018-03-06,4,7.2
2,2018-03-07,4,8.6
2,2018-03-08,4,5.7
2,2018-03-09,4,8.7
2,2018-03-10,4,10.3
2,2018-03-11,4,8.3
2,2018-03-12,4,7.8
2,2018-03-13,4,8
2,2018-03-14,4,8.9
2,2018-03-15,4,8.6
2,2018-03-16,4,9.3
2,2018-03-17,4,12.2
2,2018-03-18,4,17
2,2018-03-19,4,12.2
2,2018-03-20,4,10.9
2,2018-03-21,4,11
2,2018-03-22,4,7.8
2,2018-03-23,4,8.3
2,2018-03-24,4,15.9
2,2018-03-25,4,21.3
2,2018-03-26,4,7.8
2,2018-03-27,4,6.8
2,2018-03-28,4,5.8
2,2018-03-29,4,6.3
2,2018-03-30,4,6.1
2,2018-03-31,4,7.1
2,2018-04-01,4,8
2,2018-04-02,4,8.1
2,2018-04-03,4,8.1
2,2018-04-04,4,8.2
2,2018-04-05,4,5.8
2,2018-04-06,4,14.5
2,2018-04-07,4,13.7
2,2018-04-08,4,10.7
2,2018-04-09,4,13.2
2,2018-04-10,4,17.3
2,2018-04-11,4,26.3
2,2018-04-12,4,25.4
2,2018-04-13,4,15.3
2,2018-04-14,4,24
2,2018-04-15,4,14.8
2,2018-04-16,4,9
2,2018-04-17,4,9.6
2,2018-04-18,4,12.7
2,2018-04-19,4,19.8
2,2018-04-20,4,15.1
2,2018-04-21,4,23.8
2,2018-04-22,4,13.9
2,2018-04-23,4,6.3
2,2018-04-24,4,6.6
2,2018-04-25,4,6.4
2,2018-04-26,4,6.4
2,2018-04-27,4,8.8
2,2018-04-28,4,7.9
2,2018-04-29,4,6.8
2,2018-04-30,4,6.8
2,2018-05-01,4,6.4
2,2018-05-02,4,5.9
2,2018-05-03,4,7.9
2,2018-05-04,4,9.7
2,2018-05-05,4,17.4
2,2018-05-06,4,23
2,2018-05-07,4,23.6
2,2018-05-08,4,19.1
2,2018-05-09,4,7.8
2,2018-05-10,4,7.4
2,2018-05-11,4,10.3
2,2018-05-12,4,8.7
2,2018-05-13,4,7.8
2,2018-05-14,4,7.7
2,2018-05-15,4,9.2
2,2018-05-16,4,10.6
2,2018-05-17,4,9.9
2,2018-05-18,4,10.8
2,2018-05-19,4,13.4
2,2018-05-20,4,17.4
2,2018-05-21,4,20.5
2,2018-05-22,4,14.6
2,2018-05-23,4,16.8
2,2018-05-24,4,20.5
2,2018-05-25,4,18.8
2,2018-05-26,4,25.4
2,2018-05-27,4,13.7
2,2018-05-28,4,19.7
2,2018-05-29,4,19.2
2,2018-05-30,4,17.7
2,2018-05-31,4,14.3
2,2018-06-01,4,13.5
2,2018-06-02,4,8.4
2,2018-06-03,4,9.9
2,2018-06-04,4,14.1
2,2018-06-05,4,10.4
2,2018-06-06,4,12.8
2,2018-06-07,4,17.3
2,2018-06-08,4,16.4
2,2018-06-09,4,15.5
2,2018-06-10,4,14.4
2,2018-06-11,4,10.8
2,2018-06-12,4,11.8
2,2018-06-13,4,10.2
2,2018-06-14,4,8.6
2,2018-06-15,4,7.6
2,2018-06-16,4,7.5
2,2018-06-17,4,6.9
2,2018-06-18,4,7.3
2,2018-06-19,4,6.2
2,2018-06-20,4,5.7
2,2018-06-21,4,6.5
2,2018-06-22,4,9.7
2,2018-06-23,4,12.2
2,2018-06-24,4,12.5
2,2018-06-25,4,9.9
2,2018-06-26,5,10.5
2,2018-06-27,5,10.4
2,2018-06-28,5,11.4
2,2018-06-29,5,11
2,2018-06-30,5,10.8
2,2018-07-01,5,13.4
2,2018-07-02,5,10.4
2,2018-07-03,5,9.9
2,2018-07-04,5,13.1
2,2018-07-05,5,15
2,2018-07-06,5,15.5
2,2018-07-07,5,15.8
2,2018-07-08,5,12.9
2,2018-07-09,5,11.8
2,2018-07-10,5,8.5
2,2018-07-11,5,11.1
2,2018-07-12,5,13.7
2,2018-07-13,5,12
2,2018-07-14,5,12.3
2,2018-07-15,5,9.6
2,2018-07-16,5,9.1
2,2018-07-17,5,6.5
2,2018-07-18,5,7
2,2018-07-19,5,10.8
2,2018-07-20,5,12.1
2,2018-07-21,5,12.5
2,2018-07-22,5,7.1
2,2018-07-23,5,7.2
2,2018-07-24,5,7.9
2,2018-07-25,5,7.9
2,2018-07-26,5,14.4
2,2018-07-27,5,8.1
2,2018-07-28,5,7.5
2,2018-07-29,5,5.7
2,2018-07-30,5,6.4
2,2018-07-31,5,5.7
2,2018-08-01,5,6.6
2,2018-08-02,5,8.1
2,2018-08-03,5,9
2,2018-08-04,5,6.6
2,2018-08-05,5,8.2
2,2018-08-06,5,9.7
2,2018-08-07,5,8.9
2,2018-08-08,5,6
2,2018-08-09,5,5.9
2,2018-08-10,5,5.7
2,2018-08-11,5,6.3
2,2018-08-12,5,5.5
2,2018-08-13,5,6.4
2,2018-08-14,5,5.8
2,2018-08-15,5,6.2
2,2018-08-16,5,5.8
2,2018-08-17,5,6.6
2,2018-08-18,5,6.8
2,2018-08-19,5,5.9
2,2018-08-20,5,5.5
2,2018-08-21,5,5.4
2,2018-08-22,5,6.2
2,2018-08-23,5,5.6
2,2018-08-24,5,5.4
2,2018-08-25,5,5.2
2,2018-08-26,5,5.8
2,2018-08-27,5,5.6
2,2018-08-28,5,7
2,2018-08-29,5,6.9
2,2018-08-30,5,9.7
2,2018-08-31,5,12.3
2,2018-09-01,5,11.8
2,2018-09-02,5,13
2,2018-09-03,5,15.1
2,2018-09-04,5,12.1
2,2018-09-05,5,10.1
2,2018-09-06,5,7.7
2,2018-09-07,5,5.6
2,2018-09-08,5,5.8
2,2018-09-09,5,6.2
2,2018-09-10,5,6.5
2,2018-09-11,5,6.2
2,2018-09-12,5,5.5
2,2018-09-13,5,6.9
2,2018-09-14,5,5.7
2,2018-09-15,5,6.5
2,2018-09-16,5,6.9
2,2018-09-17,5,7.6
2,2018-09-18,5,7.6
2,2018-09-19,5,7.6
2,2018-09-20,5,8
2,2018-09-21,5,5
2,2018-09-22,5,5.3
2,2018-09-23,5,4.2
2,2018-09-24,5,6.4
2,2018-09-25,5,8.6
2,2018-09-26,5,10.6
2,2018-09-27,5,12.4
2,2018-09-28,5,8.2
2,2018-09-29,5,11.6
2,2018-09-30,5,7.8
2,2018-10-01,5,6.2
2,2018-10-02,5,6.6
2,2018-10-03,5,7.6
2,2018-10-04,5,9.5
2,2018-10-05,5,15.5
2,2018-10-06,5,7.3
2,2018-10-07,5,7
2,2018-10-08,5,6.8
2,2018-10-09,5,10.5
2,2018-10-10,5,19.1
2,2018-10-11,5,8.5
2,2018-10-12,5,7.5
2,2018-10-13,5,7.9
2,2018-10-14,5,3.1
2,2018-10-15,5,6.2
2,2018-10-16,5,11.7
2,2018-10-17,5,7.3
2,2018-10-18,5,9.5
2,2018-10-19,5,13.4
2,2018-10-20,5,20.2
2,2018-10-21,5,13
2,2018-10-22,5,8.4
2,2018-10-23,5,8.4
2,2018-10-24,5,9.8
2,2018-10-25,5,9.4
2,2018-10-26,5,5.2
2,2018-10-27,5,4.5
2,2018-10-28,5,4.3
2,2018-10-29,5,5.5
2,2018-10-30,5,7.9
2,2018-10-31,5,11
2,2018-11-01,5,11.6
2,2018-11-02,5,13
2,2018-11-03,5,9.8
2,2018-11-04,5,11.8
2,2018-11-05,5,22.8
2,2018-11-06,5,12.1
2,2018-11-07,5,6.7
2,2018-11-08,5,8.3
2,2018-11-09,5,7.7
2,2018-11-10,5,8.1
2,2018-11-11,5,7
2,2018-11-12,5,7.6
2,2018-11-13,5,7.9
2,2018-11-14,5,10.1
2,2018-11-15,5,17.1
2,2018-11-16,5,15.9
2,2018-11-17,5,18.2
2,2018-11-18,5,13.1
2,2018-11-19,5,6.7
2,2018-11-20,5,9.6
2,2018-11-21,5,16.6
2,2018-11-22,5,26.2
2,2018-11-23,5,22.1
2,2018-11-24,5,25.2
2,2018-11-25,5,15.5
2,2018-11-26,5,12.6
2,2018-11-27,5,11
2,2018-11-28,5,7.9
2,2018-11-29,5,8.2
2,2018-11-30,5,8.3
2,2018-12-01,5,5.9
2,2018-12-02,5,5.3
2,2018-12-03,5,8.6
2,2018-12-04,5,9.5
2,2018-12-05,5,7.6
2,2018-12-06,5,6.6
2,2018-12-07,5,6.5
2,2018-12-08,5,8.7
2,2018-12-09,5,6.2
2,2018-12-10,5,9.5
2,2018-12-11,5,13
2,2018-12-12,5,9.4
2,2018-12-13,5,11
2,2018-12-14,5,15.5
2,2018-12-15,5,11.2
2,2018-12-16,5,6.3
2,2018-12-17,5,7.6
2,2018-12-18,5,8.3
2,2018-12-19,5,6.7
2,2018-12-20,5,7.1
2,2018-12-21,5,9.3
2,2018-12-22,5,8.4
2,2018-12-23,5,5.8
2,2018-12-24,5,10.1
2,2018-12-25,5,12.9
2,2018-12-26,5,13.9
2,2018-12-27,5,24.2
2,2018-12-28,5,21.1
2,2018-12-29,5,9.5
2,2018-12-30,5,6.3
2,2018-12-31,5,7.7
3,2018-01-01,6,5.4
3,2018-01-02,6,7.8
3,2018-01-03,6,9.2
3,2018-01-04,6,6.5
3,2018-01-05,6,8.1
3,2018-01-06,6,10.3
3,2018-01-07,6,6.2
3,2018-01-08,6,11.9
3,2018-01-09,6,20.6
3,2018-01-10,6,14.3
3,2018-01-11,6,20
3,2018-01-12,6,22.6
3,2018-01-13,6,20.5
3,2018-01-14,6,24.3
3,2018-01-15,6,6.1
3,2018-01-16,6,4.9
3,2018-01-17,6,6.7
3,2018-01-18,6,5.4
3,2018-01-19,6,6.4
3,2018-01-20,6,7.4
3,2018-01-21,6,8.6
3,2018-01-22,6,7.9
3,2018-01-23,6,6
3,2018-01-24,6,5.6
3,2018-01-25,6,7.3
3,2018-01-26,6,12.8
3,2018-01-27,6,9.7
3,2018-01-28,6,5.6
3,2018-01-29,7,6.2
3,2018-01-30,7,9.9
3,2018-01-31,7,5.7
3,2018-02-01,7,5.5
3,2018-02-02,7,7.7
3,2018-02-03,7,9
3,2018-02-04,7,6.1
3,2018-02-05,7,9.5
3,2018-02-06,7,12.1
3,2018-02-07,7,9.2
3,2018-02-08,7,9.8
3,2018-02-09,7,5.9
3,2018-02-10,7,6.1
3,2018-02-11,7,4.9
3,2018-02-12,7,6.1
3,2018-02-13,7,6.1
3,2018-02-14,7,6.9
3,2018-02-15,7,6.7
3,2018-02-16,7,8.9
3,2018-02-17,7,12
3,2018-02-18,7,9.1
3,2018-02-19,7,9.3
3,2018-02-20,7,6.7
3,2018-02-21,7,25.9
3,2018-02-22,7,19.4
3,2018-02-23,7,20.8
3,2018-02-24,7,21.8
3,2018-02-25,7,11.8
3,2018-02-26,7,8.5
3,2018-02-27,7,8.5
3,2018-02-28,7,15.9
3,2018-03-01,7,30.7
3,2018-03-02,7,30.3
3,2018-03-03,7,24.3
3,2018-03-04,7,9.6
3,2018-03-05,7,7.5
3,2018-03-06,7,7.8
3,2018-03-07,7,9
3,2018-03-08,7,5.5
3,2018-03-09,7,8.4
3,2018-03-10,7,11.2
3,2018-03-11,7,10.6
3,2018-03-12,7,6.7
3,2018-03-13,7,8.3
3,2018-03-14,7,9
3,2018-03-15,7,8
3,2018-03-16,7,9.8
3,2018-03-17,7,10.4
3,2018-03-18,7,15.8
3,2018-03-19,7,12
3,2018-03-20,7,10.3
3,2018-03-21,7,11.1
3,2018-03-22,7,7.9
3,2018-03-23,7,8.3
3,2018-03-24,7,17
3,2018-03-25,7,22.3
3,2018-03-26,7,8.8
3,2018-03-27,7,6.1
3,2018-03-28,7,5.5
3,2018-03-29,7,5.8
3,2018-03-30,7,6.8
3,2018-03-31,7,6.5
3,2018-04-01,7,7.8
3,2018-04-02,7,7.2
3,2018-04-03,7,8.1
3,2018-04-04,7,8.2
3,2018-04-05,7,5.3
3,2018-04-06,7,15.1
3,2018-04-07,7,14.1
3,2018-04-08,7,12.8
3,2018-04-09,7,16.1
3,2018-04-10,7,19
3,2018-04-11,7,27.4
3,2018-04-12,7,22.7
3,2018-04-13,7,18.7
3,2018-04-14,7,24.2
3,2018-04-15,7,17.1
3,2018-04-16,7,8.7
3,2018-04-17,7,8.8
3,2018-04-18,7,14.4
3,2018-04-19,7,21.7
3,2018-04-20,7,16.5
3,2018-04-21,7,28.8
3,2018-04-22,7,16.4
3,2018-04-23,7,7
3,2018-04-24,7,6.9
3,2018-04-25,7,5.9
3,2018-04-26,7,6.4
3,2018-04-27,7,8.5
3,2018-04-28,7,7.5
3,2018-04-29,7,6.4
3,2018-04-30,7,6.4
3,2018-05-01,7,6.5
3,2018-05-02,7,5.9
3,2018-05-03,7,8
3,2018-05-04,7,10.7
3,2018-05-05,7,17.4
3,2018-05-06,7,23.6
3,2018-05-07,7,27.5
3,2018-05-08,7,18.4
3,2018-05-09,7,8.1
3,2018-05-10,7,7.2
3,2018-05-11,7,11.1
3,2018-05-12,7,9.2
3,2018-05-13,7,8.6
3,2018-05-14,7,7.2
3,2018-05-15,7,8.4
3,2018-05-16,7,10.1
3,2018-05-17,7,9.4
3,2018-05-18,7,12.4
3,2018-05-19,7,14.9
3,2018-05-20,7,17.9
3,2018-05-21,7,20.2
3,2018-05-22,7,14.6
3,2018-05-23,7,15.9
3,2018-05-24,7,20.6
3,2018-05-25,7,19.8
3,2018-05-26,7,25.2
3,2018-05-27,7,17.3
3,2018-05-28,7,20.1
3,2018-05-29,7,19.2
3,2018-05-30,7,15.8
3,2018-05-31,7,16.6
3,2018-06-01,7,11.6
3,2018-06-02,7,8.8
3,2018-06-03,7,9.7
3,2018-06-04,7,12.7
3,2018-06-05,7,9.2
3,2018-06-06,7,12.6
3,2018-06-07,7,14.5
3,2018-06-08,7,14.9
3,2018-06-09,7,14.1
3,2018-06-10,7,13.6
3,2018-06-11,7,9.6
3,2018-06-12,7,10
3,2018-06-13,7,9.2
3,2018-06-14,7,8.2
3,2018-06-15,7,7.8
3,2018-06-16,7,7.5
3,2018-06-17,7,6.4
3,2018-06-18,7,6.9
3,2018-06-19,7,5.9
3,2018-06-20,7,6.3
3,2018-06-21,7,6.1
3,2018-06-22,7,9.1
3,2018-06-23,7,10.7
3,2018-06-24,7,11
3,2018-06-25,7,11.2
3,2018-06-26,7,10.5
3,2018-06-27,7,10.8
3,2018-06-28,7,11.9
3,2018-06-29,7,10.5
3,2018-06-30,7,10.8
3,2018-07-01,7,13.6
3,2018-07-02,7,10.4
3,2018-07-03,7,10.3
3,2018-07-04,7,11.9
3,2018-07-05,7,12.5
3,2018-07-06,7,14
3,2018-07-07,7,14.8
3,2018-07-08,7,11.8
3,2018-07-09,7,10.1
3,2018-07-10,7,7.6
3,2018-07-11,7,11
3,2018-07-12,7,12.3
3,2018-07-13,7,11.6
3,2018-07-14,7,11.6
3,2018-07-15,7,8.7
3,2018-07-16,7,8.8
3,2018-07-17,7,5.5
3,2018-07-18,7,6.2
3,2018-07-19,7,9.2
3,2018-07-20,7,11.7
3,2018-07-21,7,12.3
3,2018-07-22,7,7.2
3,2018-07-23,7,6.7
3,2018-07-24,7,6.7
3,2018-07-25,7,7.4
3,2018-07-26,7,12.8
3,2018-07-27,7,7.7
3,2018-07-28,7,8.1
3,2018-07-29,7,6
3,2018-07-30,7,6.2
3,2018-07-31,7,5.7
3,2018-08-01,7,5.9
3,2018-08-02,7,6.9
3,2018-08-03,7,8.1
3,2018-08-04,7,6.3
3,2018-08-05,7,8.1
3,2018-08-06,7,8.6
3,2018-08-07,7,7.2
3,2018-08-08,7,5.5
3,2018-08-09,7,5.7
3,2018-08-10,7,5.5
3,2018-08-11,7,5.8
3,2018-08-12,7,5.1
3,2018-08-13,7,5.6
3,2018-08-14,7,5.8
3,2018-08-15,7,5.6
3,2018-08-16,7,5.5
3,2018-08-17,7,6.2
3,2018-08-18,7,6.8
3,2018-08-19,7,5.5
3,2018-08-20,7,4.9
3,2018-08-21,7,4.9
3,2018-08-22,7,5.4
3,2018-08-23,7,5.2
3,2018-08-24,7,5.3
3,2018-08-25,7,4.9
3,2018-08-26,7,5.7
3,2018-08-27,7,4.8
3,2018-08-28,7,6.7
3,2018-08-29,7,6.8
3,2018-08-30,7,8
3,2018-08-31,7,11
3,2018-09-01,7,11.4
3,2018-09-02,7,12.1
3,2018-09-03,7,13.4
3,2018-09-04,7,11.9
3,2018-09-05,7,10.6
3,2018-09-06,7,6.9
3,2018-09-07,7,5.2
3,2018-09-08,7,5.4
3,2018-09-09,7,6.5
3,2018-09-10,7,6.2
3,2018-09-11,7,6
3,2018-09-12,7,5.4
3,2018-09-13,7,6.6
3,2018-09-14,7,5.3
3,2018-09-15,7,6.4
3,2018-09-16,7,6.3
3,2018-09-17,7,7.3
3,2018-09-18,7,8.4
3,2018-09-19,7,9.2
3,2018-09-20,7,8.8
3,2018-09-21,7,5
3,2018-09-22,7,5.1
3,2018-09-23,7,4.2
3,2018-09-24,7,6.2
3,2018-09-25,7,8.6
3,2018-09-26,7,9.8
3,2018-09-27,7,11.4
3,2018-09-28,7,7.4
3,2018-09-29,7,9.4
3,2018-09-30,7,7.3
3,2018-10-01,7,5.6
3,2018-10-02,7,5.9
3,2018-10-03,7,6.5
3,2018-10-04,7,8.3
3,2018-10-05,7,12.9
3,2018-10-06,7,7.3
3,2018-10-07,7,5.9
3,2018-10-08,7,5.7
3,2018-10-09,7,9.5
3,2018-10-10,7,20.1
3,2018-10-11,7,9
3,2018-10-12,7,7.9
3,2018-10-13,7,8.6
3,2018-10-14,7,3.5
3,2018-10-15,7,6.7
3,2018-10-16,7,9.9
3,2018-10-17,7,7.5
3,2018-10-18,7,9.4
3,2018-10-19,7,11.7
3,2018-10-20,7,14.7
3,2018-10-21,7,10.8
3,2018-10-22,7,7.7
3,2018-10-23,7,8.4
3,2018-10-24,7,8.3
3,2018-10-25,7,8.3
3,2018-10-26,7,4.4
3,2018-10-27,7,4
3,2018-10-28,7,4
3,2018-10-29,7,5.8
3,2018-10-30,7,6.7
3,2018-10-31,7,9.6
3,2018-11-01,7,8.3
3,2018-11-02,7,11
3,2018-11-03,7,8.9
3,2018-11-04,7,11.1
3,2018-11-05,7,21.1
3,2018-11-06,7,11.8
3,2018-11-07,7,6.2
3,2018-11-08,7,7.8
3,2018-11-09,7,7.4
3,2018-11-10,7,7.9
3,2018-11-11,7,6.7
3,2018-11-12,7,7.4
3,2018-11-13,7,6.5
3,2018-11-14,7,9.3
3,2018-11-15,7,17.3
3,2018-11-16,7,15.1
3,2018-11-17,7,17.3
3,2018-11-18,7,12.2
3,2018-11-19,7,6.8
3,2018-11-20,7,9.3
3,2018-11-21,7,14.9
3,2018-11-22,7,24.2
3,2018-11-23,7,20.7
3,2018-11-24,7,23.1
3,2018-11-25,7,15.1
3,2018-11-26,7,11.4
3,2018-11-27,7,10
3,2018-11-28,7,8.2
3,2018-11-29,7,7.4
3,2018-11-30,7,7.2
3,2018-12-01,7,5
3,2018-12-02,7,5.6
3,2018-12-03,7,7.9
3,2018-12-04,7,8.7
3,2018-12-05,7,6.8
3,2018-12-06,7,5.9
3,2018-12-07,7,5.7
3,2018-12-08,7,7.6
3,2018-12-09,7,5.2
3,2018-12-10,7,8.1
3,2018-12-11,7,11.8
3,2018-12-12,7,9.6
3,2018-12-13,7,10.4
3,2018-12-14,7,14.3
3,2018-12-15,7,11.1
3,2018-12-16,7,5.8
3,2018-12-17,7,7.1
3,2018-12-18,7,7.9
3,2018-12-19,7,5.7
3,2018-12-20,7,5.8
3,2018-12-21,7,8.1
3,2018-12-22,7,7.3
3,2018-12-23,7,4.9
3,2018-12-24,7,10.3
3,2018-12-25,7,10.6
3,2018-12-26,7,12.4
3,2018-12-27,7,19
3,2018-12-28,7,15.8
3,2018-12-29,7,6.7
3,2018-12-30,7,4
3,2018-12-31,7,5.5
1,2019-01-01,2,7.2
1,2019-01-02,2,9.2
1,2019-01-03,2,11.2
1,2019-01-04,2,15.4
1,2019-01-05,2,17.1
1,2019-01-06,2,14.2
1,2019-01-07,2,7.6
1,2019-01-08,2,8
1,2019-01-09,2,8.8
1,2019-01-10,2,14.5
1,2019-01-11,2,8.8
1,2019-01-12,2,5.7
1,2019-01-13,2,5.3
1,2019-01-14,2,7.5
1,2019-01-15,2,5
1,2019-01-16,2,5.8
1,2019-01-17,2,6
1,2019-01-18,2,6.9
1,2019-01-19,2,7.4
1,2019-01-20,2,16.3
1,2019-01-21,2,10.9
1,2019-01-22,2,6
1,2019-01-23,2,6.8
1,2019-01-24,2,16.6
1,2019-01-25,2,8.4
1,2019-01-26,2,5.2
1,2019-01-27,2,5.4
1,2019-01-28,2,6.2
1,2019-01-29,2,6.5
1,2019-01-30,2,7.9
1,2019-01-31,2,8.8
1,2019-02-01,2,8
1,2019-02-02,2,7
1,2019-02-03,2,6.4
1,2019-02-04,2,6.3
1,2019-02-05,2,6.4
1,2019-02-06,2,6.2
1,2019-02-07,2,7.2
1,2019-02-08,2,8.1
1,2019-02-09,2,7.8
1,2019-02-10,2,4.2
1,2019-02-11,2,6.1
1,2019-02-12,2,7.3
1,2019-02-13,2,8.4
1,2019-02-14,2,11.7
1,2019-02-15,2,14.3
1,2019-02-16,2,12.5
1,2019-02-17,2,11.2
1,2019-02-18,2,7.1
1,2019-02-19,2,6.4
1,2019-02-20,3,9.3
1,2019-02-21,3,14.9
1,2019-02-22,3,18.2
1,2019-02-23,3,24.7
1,2019-02-24,3,20.5
1,2019-02-25,3,22.9
1,2019-02-26,3,27.5
1,2019-02-27,3,34.8
1,2019-02-28,3,13.3
1,2019-03-01,3,13.2
1,2019-03-02,3,10.1
1,2019-03-03,3,9.9
1,2019-03-04,3,5.8
1,2019-03-05,3,7
1,2019-03-06,3,9.3
1,2019-03-07,3,6.6
1,2019-03-08,3,7.8
1,2019-03-09,3,10.6
1,2019-03-10,3,6.9
1,2019-03-11,3,7.5
1,2019-03-12,3,8.2
1,2019-03-13,3,9
1,2019-03-14,3,7.6
1,2019-03-15,3,8.2
1,2019-03-16,3,9.7
1,2019-03-17,3,4.8
1,2019-03-18,3,7.4
1,2019-03-19,3,9.3
1,2019-03-20,3,8.1
1,2019-03-21,3,8.6
1,2019-03-22,3,14
1,2019-03-23,3,16.4
1,2019-03-24,3,10.6
1,2019-03-25,3,9.8
1,2019-03-26,3,11.8
1,2019-03-27,3,11.7
1,2019-03-28,3,20.9
1,2019-03-29,3,26.6
1,2019-03-30,3,33.8
1,2019-03-31,3,23.9
1,2019-04-01,3,16
1,2019-04-02,3,11.1
1,2019-04-03,3,8.2
1,2019-04-04,3,7.6
1,2019-04-05,3,9.7
1,2019-04-06,3,20.7
1,2019-04-07,3,35.2
1,2019-04-08,3,26.4
1,2019-04-09,3,21.8
1,2019-04-10,3,11.4
1,2019-04-11,3,11.4
1,2019-04-12,3,13.5
1,2019-04-13,3,13.5
1,2019-04-14,3,16.1
1,2019-04-15,3,24.5
1,2019-04-16,3,36.6
1,2019-04-17,3,35.7
1,2019-04-18,3,32.8
1,2019-04-19,3,24.2
1,2019-04-20,3,22.2
1,2019-04-21,3,26.9
1,2019-04-22,3,32.9
1,2019-04-23,3,25
1,2019-04-24,3,13.4
1,2019-04-25,3,7.4
1,2019-04-26,3,8.1
1,2019-04-27,3,8.4
1,2019-04-28,3,7.3
1,2019-04-29,3,12.1
1,2019-04-30,3,13.9
1,2019-05-01,3,14.1
1,2019-05-02,3,7.5
1,2019-05-03,3,7.6
1,2019-05-04,3,6.6
1,2019-05-05,3,8.7
1,2019-05-06,3,6.8
1,2019-05-07,3,8.9
1,2019-05-08,3,8.4
1,2019-05-09,3,6.9
1,2019-05-10,3,9
1,2019-05-11,3,9.8
1,2019-05-12,3,9.6
1,2019-05-13,3,7.3
1,2019-05-14,3,7.8
1,2019-05-15,3,12.1
1,2019-05-16,3,11.7
1,2019-05-17,3,12.9
1,2019-05-18,3,14.6
1,2019-05-19,3,16.2
1,2019-05-20,3,12.6
1,2019-05-21,3,7.6
1,2019-05-22,3,9.1
1,2019-05-23,3,10
1,2019-05-24,3,8.1
1,2019-05-25,3,7.6
1,2019-05-26,3,6.9
1,2019-05-27,3,6.7
1,2019-05-28,3,6.2
1,2019-05-29,3,7.5
1,2019-05-30,3,7.9
1,2019-05-31,3,6.5
1,2019-06-01,3,8.4
1,2019-06-02,3,8.5
1,2019-06-03,3,7.4
1,2019-06-04,3,7.9
1,2019-06-05,3,6.6
1,2019-06-06,3,6.6
1,2019-06-07,3,7
1,2019-06-08,3,7.8
1,2019-06-09,3,6.6
1,2019-06-10,3,6.9
1,2019-06-11,3,5.3
1,2019-06-12,3,6.5
1,2019-06-13,3,6.6
1,2019-06-14,3,7.1
1,2019-06-15,3,7.2
1,2019-06-16,3,7.1
1,2019-06-17,3,6.9
1,2019-06-18,3,9.2
1,2019-06-19,3,10.5
1,2019-06-20,3,6.5
1,2019-06-21,3,6.7
1,2019-06-22,3,7.3
1,2019-06-23,3,17.9
1,2019-06-24,3,13.8
1,2019-06-25,3,11.9
1,2019-06-26,3,11.6
1,2019-06-27,3,8.5
1,2019-06-28,3,11.5
1,2019-06-29,3,13.3
1,2019-06-30,3,6.9
1,2019-07-01,3,6.5
1,2019-07-02,3,7.4
1,2019-07-03,3,7.7
1,2019-07-04,3,8.4
1,2019-07-05,3,9.7
1,2019-07-06,3,7.7
1,2019-07-07,3,6.6
1,2019-07-08,3,6.9
1,2019-07-09,3,8.1
1,2019-07-10,3,8.4
1,2019-07-11,3,7.1
1,2019-07-12,3,6.1
1,2019-07-13,3,5.9
1,2019-07-14,3,6.8
1,2019-07-15,3,6.6
1,2019-07-16,3,7.9
1,2019-07-17,3,7.6
1,2019-07-18,3,6.5
1,2019-07-19,3,6.5
1,2019-07-20,3,5.8
1,2019-07-21,3,5.4
1,2019-07-22,3,6.3
1,2019-07-23,3,8.8
1,2019-07-24,3,10.3
1,2019-07-25,3,12.9
1,2019-07-26,3,7.7
1,2019-07-27,3,7.2
1,2019-07-28,3,6.3
1,2019-07-29,3,7.3
1,2019-07-30,3,9
1,2019-07-31,3,6
1,2019-08-01,3,7.9
1,2019-08-02,3,9.3
1,2019-08-03,3,8.8
1,2019-08-04,3,7.6
1,2019-08-05,3,7
1,2019-08-06,3,7.2
1,2019-08-07,3,6.8
1,2019-08-08,3,6.5
1,2019-08-09,3,8.4
1,2019-08-10,3,11.2
1,2019-08-11,3,8.1
1,2019-08-12,3,5.9
1,2019-08-13,3,5.6
1,2019-08-14,3,6.2
1,2019-08-15,3,6.2
1,2019-08-16,3,6.5
1,2019-08-17,3,7.7
1,2019-08-18,3,6.9
1,2019-08-19,3,7.7
1,2019-08-20,3,7
1,2019-08-21,3,8.2
1,2019-08-22,3,7.2
1,2019-08-23,3,7.8
1,2019-08-24,3,14.9
1,2019-08-25,3,14.9
1,2019-08-26,3,13.2
1,2019-08-27,3,13.8
1,2019-08-28,3,7.3
1,2019-08-29,3,6.1
1,2019-08-30,3,6.9
1,2019-08-31,3,7
1,2019-09-01,3,5.6
1,2019-09-02,3,6
1,2019-09-03,3,5.7
1,2019-09-04,3,5.6
1,2019-09-05,3,5.9
1,2019-09-06,3,7
1,2019-09-07,3,6.2
1,2019-09-08,3,6.2
1,2019-09-09,3,6.9
1,2019-09-10,3,6.6
1,2019-09-11,3,6.4
1,2019-09-12,3,6.4
1,2019-09-13,3,6.3
1,2019-09-14,3,7.7
1,2019-09-15,3,7.5
1,2019-09-16,3,7.2
1,2019-09-17,3,7
1,2019-09-18,3,7.6
1,2019-09-19,3,8.5
1,2019-09-20,3,9.1
1,2019-09-21,3,10.2
1,2019-09-22,3,6.8
1,2019-09-23,3,5.9
1,2019-09-24,3,7.1
1,2019-09-25,3,7.3
1,2019-09-26,3,7.7
1,2019-09-27,3,8.8
1,2019-09-28,3,7.9
1,2019-09-29,3,6.8
1,2019-09-30,3,5.9
1,2019-10-01,3,6.8
1,2019-10-02,3,6.7
1,2019-10-03,3,7.9
1,2019-10-04,3,8.1
1,2019-10-05,3,9.3
1,2019-10-06,3,6.1
1,2019-10-07,3,6.6
1,2019-10-08,3,8.5
1,2019-10-09,3,6.6
1,2019-10-10,3,7.8
1,2019-10-11,3,7.2
1,2019-10-12,3,5.1
1,2019-10-13,3,6.1
1,2019-10-14,3,8.5
1,2019-10-15,3,6.6
1,2019-10-16,3,6.8
1,2019-10-17,3,6.9
1,2019-10-18,3,8.9
1,2019-10-19,3,7.3
1,2019-10-20,3,8.1
1,2019-10-21,3,7.5
1,2019-10-22,3,10.1
1,2019-10-23,3,16.4
1,2019-10-24,3,11.8
1,2019-10-25,3,8.6
1,2019-10-26,3,8.5
1,2019-10-27,3,7.6
1,2019-10-28,3,9.4
1,2019-10-29,3,8.4
1,2019-10-30,3,11.1
1,2019-10-31,3,15.5
1,2019-11-01,3,7.7
1,2019-11-02,3,10.7
1,2019-11-03,3,7.7
1,2019-11-04,3,7.7
1,2019-11-05,3,9.6
1,2019-11-06,3,9.7
1,2019-11-07,3,7.9
1,2019-11-08,3,10.3
1,2019-11-09,3,9.7
1,2019-11-10,3,10.6
1,2019-11-11,3,7.6
1,2019-11-12,3,7.2
1,2019-11-13,3,6.9
1,2019-11-14,3,8
1,2019-11-15,3,9.5
1,2019-11-16,3,12.7
1,2019-11-17,3,14.8
1,2019-11-18,3,10.7
1,2019-11-19,3,13.6
1,2019-11-20,3,10.3
1,2019-11-21,3,11
1,2019-11-22,3,8.8
1,2019-11-23,3,9.6
1,2019-11-24,3,10.3
1,2019-11-25,3,8.3
1,2019-11-26,3,8.1
1,2019-11-27,3,6.6
1,2019-11-28,3,9.1
1,2019-11-29,3,10.8
1,2019-11-30,3,9.5
1,2019-12-01,3,9.5
1,2019-12-02,3,13.3
1,2019-12-03,3,15.1
1,2019-12-04,3,17.5
1,2019-12-05,3,12.5
1,2019-12-06,3,7.7
1,2019-12-07,3,7.7
1,2019-12-08,3,9.8
1,2019-12-09,3,9
1,2019-12-10,3,10.4
1,2019-12-11,3,7.6
1,2019-12-12,3,6.6
1,2019-12-13,3,9
1,2019-12-14,3,9.4
1,2019-12-15,3,8.5
1,2019-12-16,3,7.8
1,2019-12-17,3,9.3
1,2019-12-18,3,9.3
1,2019-12-19,3,9.6
1,2019-12-20,3,7.1
1,2019-12-21,3,8
1,2019-12-22,3,7.4
1,2019-12-23,3,8.9
1,2019-12-24,3,10.2
1,2019-12-25,3,9.6
1,2019-12-26,3,9
1,2019-12-27,3,9.6
1,2019-12-28,3,11.5
1,2019-12-29,3,14.2
1,2019-12-30,3,14.8
1,2019-12-31,3,16.2
2,2019-01-01,5,9.4
2,2019-01-02,5,8.1
2,2019-01-03,5,10.5
2,2019-01-04,5,20.3
2,2019-01-05,5,20.5
2,2019-01-06,5,17.8
2,2019-01-07,5,10.2
2,2019-01-08,5,8.4
2,2019-01-09,5,9.3
2,2019-01-10,5,20.2
2,2019-01-11,5,15.8
2,2019-01-12,5,6.3
2,2019-01-13,5,6.5
2,2019-01-14,5,7.5
2,2019-01-15,5,6
2,2019-01-16,5,5.9
2,2019-01-17,5,7.4
2,2019-01-18,5,9.4
2,2019-01-19,5,9.7
2,2019-01-20,5,19.1
2,2019-01-21,5,23.7
2,2019-01-22,5,7.7
2,2019-01-23,5,11.5
2,2019-01-24,5,23.7
2,2019-01-25,5,14.6
2,2019-01-26,5,5.2
2,2019-01-27,5,4.9
2,2019-01-28,5,7.8
2,2019-01-29,5,10.7
2,2019-01-30,5,10.1
2,2019-01-31,5,11.8
2,2019-02-01,5,9.5
2,2019-02-02,5,10.1
2,2019-02-03,5,10.4
2,2019-02-04,5,6
2,2019-02-05,5,7.3
2,2019-02-06,5,7
2,2019-02-07,5,5.6
2,2019-02-08,5,6
2,2019-02-09,5,6.1
2,2019-02-10,5,3.8
2,2019-02-11,5,7.8
2,2019-02-12,5,10.5
2,2019-02-13,5,12.7
2,2019-02-14,5,20.7
2,2019-02-15,5,25.8
2,2019-02-16,5,20.7
2,2019-02-17,5,18
2,2019-02-18,5,8.3
2,2019-02-19,5,7.5
2,2019-02-20,5,9.9
2,2019-02-21,5,14.5
2,2019-02-22,5,17
2,2019-02-23,5,29.5
2,2019-02-24,5,27
2,2019-02-25,5,25.9
2,2019-02-26,5,27.5
2,2019-02-27,5,38.1
2,2019-02-28,5,14.4
2,2019-03-01,5,12.7
2,2019-03-02,5,8.5
2,2019-03-03,5,6.3
2,2019-03-04,5,4.4
2,2019-03-05,5,5.3
2,2019-03-06,5,6.7
2,2019-03-07,5,5.6
2,2019-03-08,5,6.6
2,2019-03-09,5,8.1
2,2019-03-10,5,5.3
2,2019-03-11,5,6.2
2,2019-03-12,5,6.3
2,2019-03-13,5,7.5
2,2019-03-14,5,6.1
2,2019-03-15,5,7.3
2,2019-03-16,5,7.3
2,2019-03-17,5,4.7
2,2019-03-18,5,7.2
2,2019-03-19,5,9.9
2,2019-03-20,5,9
2,2019-03-21,5,10.1
2,2019-03-22,5,12.2
2,2019-03-23,5,15.5
2,2019-03-24,5,11.1
2,2019-03-25,5,9
2,2019-03-26,5,13.8
2,2019-03-27,5,15
2,2019-03-28,5,23.6
2,2019-03-29,5,30.6
2,2019-03-30,5,40.2
2,2019-03-31,5,24.3
2,2019-04-01,5,16.9
2,2019-04-02,5,11.8
2,2019-04-03,5,8.6
2,2019-04-04,5,5.9
2,2019-04-05,5,8.9
2,2019-04-06,5,20.5
2,2019-04-07,5,39.6
2,2019-04-08,5,31.1
2,2019-04-09,5,23.4
2,2019-04-10,5,11.3
2,2019-04-11,5,11.1
2,2019-04-12,5,14.3
2,2019-04-13,5,14.1
2,2019-04-14,5,16.5
2,2019-04-15,5,26.3
2,2019-04-16,5,37.3
2,2019-04-17,5,40.8
2,2019-04-18,5,36.3
2,2019-04-19,5,24.6
2,2019-04-20,5,23.9
2,2019-04-21,5,26.2
2,2019-04-22,5,35.5
2,2019-04-23,5,24.6
2,2019-04-24,5,15.8
2,2019-04-25,5,5.9
2,2019-04-26,5,6.3
2,2019-04-27,5,6.3
2,2019-04-28,5,7.5
2,2019-04-29,5,12.2
2,2019-04-30,5,15.1
2,2019-05-01,5,15.9
2,2019-05-02,5,6.8
2,2019-05-03,5,7.4
2,2019-05-04,5,6.2
2,2019-05-05,5,7.6
2,2019-05-06,5,6.2
2,2019-05-07,5,9.3
2,2019-05-08,5,7.1
2,2019-05-09,5,7.3
2,2019-05-10,5,8.7
2,2019-05-11,5,10.7
2,2019-05-12,5,10.5
2,2019-05-13,5,6.9
2,2019-05-14,5,7.6
2,2019-05-15,5,12.6
2,2019-05-16,5,11.5
2,2019-05-17,5,12.7
2,2019-05-18,5,16.5
2,2019-05-19,5,16.8
2,2019-05-20,5,13.7
2,2019-05-21,5,7.4
2,2019-05-22,5,9.1
2,2019-05-23,5,10
2,2019-05-24,5,8
2,2019-05-25,5,7.8
2,2019-05-26,5,6.7
2,2019-05-27,5,6.1
2,2019-05-28,5,5.2
2,2019-05-29,5,6.6
2,2019-05-30,5,6.6
2,2019-05-31,5,6.1
2,2019-06-01,5,8.5
2,2019-06-02,5,8.8
2,2019-06-03,5,6.1
2,2019-06-04,5,8.1
2,2019-06-05,5,5.5
2,2019-06-06,5,5.5
2,2019-06-07,5,6.5
2,2019-06-08,5,5.5
2,2019-06-09,5,6.2
2,2019-06-10,5,6.2
2,2019-06-11,5,4.3
2,2019-06-12,5,6.2
2,2019-06-13,5,5.7
2,2019-06-14,5,7
2,2019-06-15,5,6.5
2,2019-06-16,5,5.7
2,2019-06-17,5,6.1
2,2019-06-18,5,9.6
2,2019-06-19,5,11.1
2,2019-06-20,5,5.3
2,2019-06-21,5,5.9
2,2019-06-22,5,7.6
2,2019-06-23,5,15.9
2,2019-06-24,5,16.5
2,2019-06-25,5,13
2,2019-06-26,5,11.9
2,2019-06-27,5,7.9
2,2019-06-28,5,10.2
2,2019-06-29,5,14.5
2,2019-06-30,5,6.2
2,2019-07-01,5,5.6
2,2019-07-02,5,7
2,2019-07-03,5,7
2,2019-07-04,5,8.5
2,2019-07-05,5,9.8
2,2019-07-06,5,6.8
2,2019-07-07,5,6
2,2019-07-08,5,5.8
2,2019-07-09,5,7.3
2,2019-07-10,5,8.3
2,2019-07-11,5,6.8
2,2019-07-12,5,5
2,2019-07-13,5,5.2
2,2019-07-14,5,6.3
2,2019-07-15,5,5.8
2,2019-07-16,5,8.2
2,2019-07-17,5,8.1
2,2019-07-18,5,5.6
2,2019-07-19,5,5.8
2,2019-07-20,5,4.9
2,2019-07-21,5,4.8
2,2019-07-22,5,5.7
2,2019-07-23,5,9.2
2,2019-07-24,5,10.6
2,2019-07-25,5,12.6
2,2019-07-26,5,7.3
2,2019-07-27,5,6
2,2019-07-28,5,5.4
2,2019-07-29,5,5.9
2,2019-07-30,5,7.6
2,2019-07-31,5,5.3
2,2019-08-01,5,7.8
2,2019-08-02,5,9.1
2,2019-08-03,5,8.3
2,2019-08-04,5,7.6
2,2019-08-05,5,5.9
2,2019-08-06,5,6.1
2,2019-08-07,5,5.7
2,2019-08-08,5,5.7
2,2019-08-09,5,7.1
2,2019-08-10,5,9.3
2,2019-08-11,5,6.4
2,2019-08-12,5,5.2
2,2019-08-13,5,4.9
2,2019-08-14,5,5
2,2019-08-15,5,5.2
2,2019-08-16,5,5.4
2,2019-08-17,5,6.1
2,2019-08-18,5,5.8
2,2019-08-19,5,6.4
2,2019-08-20,5,5.9
2,2019-08-21,5,8.4
2,2019-08-22,5,6.8
2,2019-08-23,5,7.4
2,2019-08-24,5,16.2
2,2019-08-25,5,16.5
2,2019-08-26,5,15.4
2,2019-08-27,5,14.9
2,2019-08-28,5,7
2,2019-08-29,5,5.4
2,2019-08-30,5,5.8
2,2019-08-31,5,5.8
2,2019-09-01,5,5.1
2,2019-09-02,5,5.6
2,2019-09-03,5,5
2,2019-09-04,5,4.9
2,2019-09-05,5,5.2
2,2019-09-06,5,6.6
2,2019-09-07,5,5.3
2,2019-09-08,5,5.6
2,2019-09-09,5,6.1
2,2019-09-10,5,6.3
2,2019-09-11,5,5.7
2,2019-09-12,5,5.7
2,2019-09-13,5,5.7
2,2019-09-14,5,8.2
2,2019-09-15,5,8.5
2,2019-09-16,5,6.6
2,2019-09-17,5,6
2,2019-09-18,5,7.2
2,2019-09-19,5,8.5
2,2019-09-20,5,8.8
2,2019-09-21,5,10.1
2,2019-09-22,5,6.6
2,2019-09-23,5,4.8
2,2019-09-24,5,5.9
2,2019-09-25,5,5.4
2,2019-09-26,5,6.3
2,2019-09-27,5,6.7
2,2019-09-28,5,6.1
2,2019-09-29,5,5.1
2,2019-09-30,5,5
2,2019-10-01,5,5.3
2,2019-10-02,5,6.1
2,2019-10-03,5,7.3
2,2019-10-04,5,8.1
2,2019-10-05,5,9.1
2,2019-10-06,5,5.4
2,2019-10-07,5,5.6
2,2019-10-08,5,6.9
2,2019-10-09,5,5.3
2,2019-10-10,5,6.3
2,2019-10-11,5,5.8
2,2019-10-12,5,4.5
2,2019-10-13,5,5.7
2,2019-10-14,5,7.2
2,2019-10-15,5,6.1
2,2019-10-16,5,6.3
2,2019-10-17,5,5.9
2,2019-10-18,5,6.8
2,2019-10-19,5,6.9
2,2019-10-20,5,8.1
2,2019-10-21,5,7.5
2,2019-10-22,5,10.9
2,2019-10-23,5,16.2
2,2019-10-24,5,13.2
2,2019-10-25,5,6.7
2,2019-10-26,5,7
2,2019-10-27,5,10.2
2,2019-10-28,5,9.5
2,2019-10-29,5,6.6
2,2019-10-30,5,12
2,2019-10-31,5,18.3
2,2019-11-01,5,6.4
2,2019-11-02,5,7.8
2,2019-11-03,5,6.7
2,2019-11-04,5,6.6
2,2019-11-05,5,9.5
2,2019-11-06,5,12.2
2,2019-11-07,5,7
2,2019-11-08,5,10.6
2,2019-11-09,5,10.3
2,2019-11-10,5,11.7
2,2019-11-11,5,6.2
2,2019-11-12,5,6.4
2,2019-11-13,5,6.5
2,2019-11-14,5,8.3
2,2019-11-15,5,9.3
2,2019-11-16,5,11
2,2019-11-17,5,17.3
2,2019-11-18,5,11.7
2,2019-11-19,5,13.5
2,2019-11-20,5,10
2,2019-11-21,5,10.8
2,2019-11-22,5,7.2
2,2019-11-23,5,9
2,2019-11-24,5,11.6
2,2019-11-25,5,6.9
2,2019-11-26,5,6.3
2,2019-11-27,5,5.8
2,2019-11-28,5,8.8
2,2019-11-29,5,10.5
2,2019-11-30,5,9.3
2,2019-12-01,5,8.4
2,2019-12-02,5,17.1
2,2019-12-03,5,17.5
2,2019-12-04,5,17.5
2,2019-12-05,5,14.6
2,2019-12-06,5,5.4
2,2019-12-07,5,6.6
2,2019-12-08,5,7.4
2,2019-12-09,5,8.1
2,2019-12-10,5,8.4
2,2019-12-11,5,6.6
2,2019-12-12,5,5.6
2,2019-12-13,5,7.4
2,2019-12-14,5,7.4
2,2019-12-15,5,7
2,2019-12-16,5,7.1
2,2019-12-17,5,9.9
2,2019-12-18,5,7.9
2,2019-12-19,5,8
2,2019-12-20,5,5.4
2,2019-12-21,5,6.5
2,2019-12-22,5,6.4
2,2019-12-23,5,7.9
2,2019-12-24,5,9.5
2,2019-12-25,5,9.8
2,2019-12-26,5,7.9
2,2019-12-27,5,10.9
2,2019-12-28,5,12.5
2,2019-12-29,5,13.8
2,2019-12-30,5,18
2,2019-12-31,5,18.4
3,2019-01-01,7,7.2
3,2019-01-02,7,9.2
3,2019-01-03,7,11.5
3,2019-01-04,7,18.5
3,2019-01-05,7,17.4
3,2019-01-06,7,15
3,2019-01-07,7,8.5
3,2019-01-08,7,8.9
3,2019-01-09,7,9.4
3,2019-01-10,7,17.8
3,2019-01-11,7,10.9
3,2019-01-12,7,5.9
3,2019-01-13,7,5.7
3,2019-01-14,7,7.5
3,2019-01-15,7,5.8
3,2019-01-16,7,6.4
3,2019-01-17,7,7.2
3,2019-01-18,7,8.6
3,2019-01-19,7,8.6
3,2019-01-20,7,17.2
3,2019-01-21,7,18.7
3,2019-01-22,7,6.7
3,2019-01-23,7,9
3,2019-01-24,7,19.1
3,2019-01-25,7,11.4
3,2019-01-26,7,5.6
3,2019-01-27,7,5.4
3,2019-01-28,7,6.4
3,2019-01-29,7,7.9
3,2019-01-30,7,8.2
3,2019-01-31,7,12
3,2019-02-01,7,8.7
3,2019-02-02,7,8.3
3,2019-02-03,7,7.1
3,2019-02-04,7,7
3,2019-02-05,7,7.3
3,2019-02-06,7,6.9
3,2019-02-07,7,7.2
3,2019-02-08,7,8.4
3,2019-02-09,7,7.8
3,2019-02-10,7,4.1
3,2019-02-11,7,6.1
3,2019-02-12,7,9.2
3,2019-02-13,7,10.7
3,2019-02-14,7,15.7
3,2019-02-15,7,19.5
3,2019-02-16,7,16.1
3,2019-02-17,7,14.1
3,2019-02-18,7,8.4
3,2019-02-19,7,6.9
3,2019-02-20,7,8.8
3,2019-02-21,7,12.6
3,2019-02-22,7,16.3
3,2019-02-23,7,27.3
3,2019-02-24,7,25
3,2019-02-25,7,25.1
3,2019-02-26,7,27.6
3,2019-02-27,7,34.4
3,2019-02-28,7,13.3
3,2019-03-01,7,11.8
3,2019-03-02,7,9.8
3,2019-03-03,7,8.7
3,2019-03-04,7,4.9
3,2019-03-05,7,6.5
3,2019-03-06,7,8.3
3,2019-03-07,7,5.8
3,2019-03-08,7,7
3,2019-03-09,7,9.8
3,2019-03-10,7,6.2
3,2019-03-11,7,6.7
3,2019-03-12,7,8
3,2019-03-13,7,8.2
3,2019-03-14,7,6.7
3,2019-03-15,7,7
3,2019-03-16,7,8.9
3,2019-03-17,7,4.2
3,2019-03-18,7,6.3
3,2019-03-19,7,8.1
3,2019-03-20,7,7.3
3,2019-03-21,7,8.3
3,2019-03-22,7,11.1
3,2019-03-23,7,15.2
3,2019-03-24,7,9.9
3,2019-03-25,7,8.8
3,2019-03-26,7,12.3
3,2019-03-27,7,11.7
3,2019-03-28,7,18.9
3,2019-03-29,7,27
3,2019-03-30,7,33
3,2019-03-31,7,22.5
3,2019-04-01,7,14.4
3,2019-04-02,7,9.5
3,2019-04-03,7,6.7
3,2019-04-04,7,6.5
3,2019-04-05,7,9.1
3,2019-04-06,7,20.1
3,2019-04-07,7,33.4
3,2019-04-08,7,29.3
3,2019-04-09,7,19.3
3,2019-04-10,7,10.6
3,2019-04-11,7,10.5
3,2019-04-12,7,13.4
3,2019-04-13,7,13.2
3,2019-04-14,7,14.6
3,2019-04-15,7,24.8
3,2019-04-16,7,33.7
3,2019-04-17,7,36.1
3,2019-04-18,7,32.3
3,2019-04-19,7,22.3
3,2019-04-20,7,20.7
3,2019-04-21,7,25.5
3,2019-04-22,7,32.2
3,2019-04-23,7,24.1
3,2019-04-24,7,14
3,2019-04-25,7,7
3,2019-04-26,7,7.6
3,2019-04-27,7,7.5
3,2019-04-28,7,6.7
3,2019-04-29,7,12
3,2019-04-30,8,12.7
3,2019-05-01,8,15
3,2019-05-02,8,6.6
3,2019-05-03,8,6.7
3,2019-05-04,8,6
3,2019-05-05,8,7.3
3,2019-05-06,8,6.2
3,2019-05-07,8,8
3,2019-05-08,8,7.9
3,2019-05-09,8,6.6
3,2019-05-10,8,7.5
3,2019-05-11,8,8.5
3,2019-05-12,8,8.7
3,2019-05-13,8,6.5
3,2019-05-14,8,6.6
3,2019-05-15,8,11.5
3,2019-05-16,8,10
3,2019-05-17,8,11.7
3,2019-05-18,8,12.6
3,2019-05-19,8,13.1
3,2019-05-20,8,10.4
3,2019-05-21,8,6.6
3,2019-05-22,8,7.7
3,2019-05-23,8,9.1
3,2019-05-24,8,7.7
3,2019-05-25,8,6.8
3,2019-05-26,8,6.4
3,2019-05-27,8,5.9
3,2019-05-28,8,4.8
3,2019-05-29,8,6.4
3,2019-05-30,8,6.7
3,2019-05-31,8,5.8
3,2019-06-01,8,7.3
3,2019-06-02,8,8.2
3,2019-06-03,8,6.5
3,2019-06-04,8,7.6
3,2019-06-05,8,5.9
3,2019-06-06,8,5.9
3,2019-06-07,8,6.4
3,2019-06-08,8,6
3,2019-06-09,8,6.1
3,2019-06-10,8,5.7
3,2019-06-11,8,4.3
3,2019-06-12,8,5.4
3,2019-06-13,8,6
3,2019-06-14,8,6.5
3,2019-06-15,8,6.4
3,2019-06-16,8,6.3
3,2019-06-17,8,6.3
3,2019-06-18,8,9.2
3,2019-06-19,8,9.3
3,2019-06-20,8,5.7
3,2019-06-21,8,6.1
3,2019-06-22,8,6.4
3,2019-06-23,8,13.8
3,2019-06-24,8,16.6
3,2019-06-25,8,12.6
3,2019-06-26,8,9.4
3,2019-06-27,8,7.2
3,2019-06-28,8,8.8
3,2019-06-29,8,14
3,2019-06-30,8,6.7
3,2019-07-01,8,6.2
3,2019-07-02,8,6.3
3,2019-07-03,8,6.7
3,2019-07-04,8,7.9
3,2019-07-05,8,8.7
3,2019-07-06,8,6.2
3,2019-07-07,8,6.1
3,2019-07-08,8,6
3,2019-07-09,8,7.8
3,2019-07-10,8,8.4
3,2019-07-11,8,7.2
3,2019-07-12,8,5.5
3,2019-07-13,8,5.2
3,2019-07-14,8,5.8
3,2019-07-15,8,6.6
3,2019-07-16,8,8.2
3,2019-07-17,8,8.3
3,2019-07-18,8,6.1
3,2019-07-19,8,6.2
3,2019-07-20,8,5.7
3,2019-07-21,8,5.5
3,2019-07-22,8,6.5
3,2019-07-23,8,8.2
3,2019-07-24,8,9.7
3,2019-07-25,8,12.5
3,2019-07-26,8,7.3
3,2019-07-27,8,6.5
3,2019-07-28,8,6
3,2019-07-29,8,6
3,2019-07-30,8,8.1
3,2019-07-31,8,6.1
3,2019-08-01,8,7.7
3,2019-08-02,8,8.9
3,2019-08-03,8,7.8
3,2019-08-04,8,7.9
3,2019-08-05,8,6.5
3,2019-08-06,8,7
3,2019-08-07,8,6.4
3,2019-08-08,8,6.1
3,2019-08-09,8,7.9
3,2019-08-10,8,10
3,2019-08-11,8,7.5
3,2019-08-12,8,6
3,2019-08-13,8,5.5
3,2019-08-14,8,5.9
3,2019-08-15,8,5.9
3,2019-08-16,8,6
3,2019-08-17,8,6.7
3,2019-08-18,8,6.8
3,2019-08-19,8,7.5
3,2019-08-20,8,6.2
3,2019-08-21,8,7.7
3,2019-08-22,8,7.3
3,2019-08-23,8,6.9
3,2019-08-24,8,12.6
3,2019-08-25,8,15.4
3,2019-08-26,8,14.7
3,2019-08-27,8,13.9
3,2019-08-28,8,7.3
3,2019-08-29,8,5.9
3,2019-08-30,8,6.4
3,2019-08-31,8,6.5
3,2019-09-01,8,5.7
3,2019-09-02,8,6.1
3,2019-09-03,8,5.7
3,2019-09-04,8,5.5
3,2019-09-05,8,5.5
3,2019-09-06,8,6.7
3,2019-09-07,8,5.8
3,2019-09-08,8,6
3,2019-09-09,8,6.3
3,2019-09-10,8,6.4
3,2019-09-11,8,6.5
3,2019-09-12,8,6.1
3,2019-09-13,8,5.8
3,2019-09-14,8,7.7
3,2019-09-15,8,7.9
3,2019-09-16,8,6.9
3,2019-09-17,8,6.2
3,2019-09-18,8,6.9
3,2019-09-19,8,7.7
3,2019-09-20,8,8.1
3,2019-09-21,8,9.7
3,2019-09-22,8,7
3,2019-09-23,8,5.4
3,2019-09-24,8,6.9
3,2019-09-25,8,6.6
3,2019-09-26,8,7.4
3,2019-09-27,8,7.6
3,2019-09-28,8,7.3
3,2019-09-29,8,5.6
3,2019-09-30,8,5.5
3,2019-10-01,8,6.1
3,2019-10-02,8,5.7
3,2019-10-03,8,7.6
3,2019-10-04,8,7.6
3,2019-10-05,8,8.8
3,2019-10-06,8,5.6
3,2019-10-07,8,6.1
3,2019-10-08,8,7.3
3,2019-10-09,8,5.9
3,2019-10-10,8,7.3
3,2019-10-11,8,6.7
3,2019-10-12,8,4.9
3,2019-10-13,8,5.7
3,2019-10-14,8,6.7
3,2019-10-15,8,6.2
3,2019-10-16,8,6.3
3,2019-10-17,8,6.4
3,2019-10-18,8,7.8
3,2019-10-19,8,6.4
3,2019-10-20,8,7.6
3,2019-10-21,8,6.8
3,2019-10-22,8,9.6
3,2019-10-23,8,14.4
3,2019-10-24,8,10.8
3,2019-10-25,8,7.5
3,2019-10-26,8,7.5
3,2019-10-27,8,7.3
3,2019-10-28,8,8.9
3,2019-10-29,8,6.7
3,2019-10-30,8,11
3,2019-10-31,8,15.7
3,2019-11-01,8,7.4
3,2019-11-02,8,8.4
3,2019-11-03,8,7
3,2019-11-04,8,7.1
3,2019-11-05,8,8.6
3,2019-11-06,8,10.4
3,2019-11-07,8,6.3
3,2019-11-08,8,9.8
3,2019-11-09,8,9.5
3,2019-11-10,8,10.5
3,2019-11-11,8,6.8
3,2019-11-12,8,6.5
3,2019-11-13,8,6.5
3,2019-11-14,8,7.8
3,2019-11-15,8,8.2
3,2019-11-16,8,10.7
3,2019-11-17,8,13.3
3,2019-11-18,8,11.1
3,2019-11-19,8,12.5
3,2019-11-20,8,9.1
3,2019-11-21,8,9.9
3,2019-11-22,8,7.6
3,2019-11-23,8,9.1
3,2019-11-24,8,9.8
3,2019-11-25,8,7.1
3,2019-11-26,8,7
3,2019-11-27,8,5.7
3,2019-11-28,8,7.9
3,2019-11-29,8,10.4
3,2019-11-30,8,9.1
3,2019-12-01,8,8.2
3,2019-12-02,8,16.9
3,2019-12-03,8,15.3
3,2019-12-04,8,18.7
3,2019-12-05,8,13.6
3,2019-12-06,8,6.1
3,2019-12-07,8,6.7
3,2019-12-08,8,8.5
3,2019-12-09,8,7.5
3,2019-12-10,8,9.4
3,2019-12-11,8,7
3,2019-12-12,8,5.9
3,2019-12-13,8,7.6
3,2019-12-14,8,7.7
3,2019-12-15,8,7.2
3,2019-12-16,8,7.3
3,2019-12-17,8,8.8
3,2019-12-18,8,7.3
3,2019-12-19,8,8
3,2019-12-20,8,6
3,2019-12-21,8,7.2
3,2019-12-22,8,6.5
3,2019-12-23,8,8
3,2019-12-24,8,8.8
3,2019-12-25,8,9.1
3,2019-12-26,8,7.9
3,2019-12-27,8,9
3,2019-12-28,8,10
3,2019-12-29,8,12.8
3,2019-12-30,8,14.7
3,2019-12-31,8,16.9
